customer_id,first_name,last_name,email,ssn,dob,zip,phone,gender
C00001,Uma,Davis,uma.davis1@example.com,859-45-5012,1964-03-24,90210,(892) 958-9935,F
C00002,Sam,Nash,sam.nash2@example.com,130-21-4582,1964-09-20,10001,(774) 403-9928,M
C00003,Henry,Owens,henry.owens3@samplecorp.net,928-10-3615,1994-07-11,94016,(359) 420-6514,F
C00004,Carol,Mitchell,carol.mitchell4@example.com,467-54-5333,2001-01-24,33101,(749) 327-7201,F
C00005,Rosa,Johnson,rosa.johnson5@samplecorp.net,691-34-2139,1952-11-08,43215,(496) 281-4814,F
C00006,Mia,Ingram,mia.ingram6@testmail.org,750-56-3664,1973-06-07,02101,(473) 918-2169,X
C00007,Uma,Foster,uma.foster7@acme.io,267-69-7216,1967-11-23,75201,(424) 901-6313,F
C00008,Henry,Brown,henry.brown8@samplecorp.net,510-44-2084,1963-10-23,30301,(417) 871-9179,M
C00009,Uma,Owens,uma.owens9@acme.io,371-27-5040,1997-09-18,94016,(964) 798-8019,X
C00010,Mia,Lopez,mia.lopez10@acme.io,241-75-9085,1955-01-28,90210,(356) 842-3621,X
C00011,Noah,Thomas,noah.thomas11@example.com,494-58-8668,1983-05-18,55401,(211) 896-2876,X
C00012,Rosa,Zhang,rosa.zhang12@samplecorp.net,887-92-6573,1957-05-14,60601,(664) 203-5315,X
C00013,Yara,Foster,yara.foster13@example.com,991-90-5889,2003-11-17,98101,(403) 356-7126,F
C00014,Rosa,Zhang,rosa.zhang14@example.com,713-51-9005,1951-02-12,80202,(514) 445-1949,F
C00015,Sam,Carter,sam.carter15@example.com,849-72-2133,1998-09-25,60601,(331) 875-8787,X
C00016,Frank,Ingram,frank.ingram16@testmail.org,316-79-4295,1995-05-13,02101,(865) 582-8177,X
C00017,Olivia,Davis,olivia.davis17@acme.io,330-18-6539,1951-10-18,77001,(802) 425-1117,F
C00018,Wendy,Underwood,wendy.underwood18@example.com,334-18-1514,2005-06-03,75201,(443) 485-8953,F
C00019,Rosa,Evans,rosa.evans19@testmail.org,348-70-7669,1962-02-04,02101,(641) 562-7939,M
C00020,Olivia,Young,olivia.young20@example.com,789-93-2612,1953-07-24,30301,(311) 454-4139,F
C00021,Rosa,Owens,rosa.owens21@acme.io,532-33-5563,1979-04-28,80202,(277) 653-2604,F
C00022,Uma,Rivera,uma.rivera22@example.com,195-40-3724,1976-08-16,77001,(610) 260-3697,M
C00023,Alice,Mitchell,alice.mitchell23@samplecorp.net,902-68-5673,1977-12-24,43215,(769) 877-8973,F
C00024,Grace,Johnson,grace.johnson24@acme.io,159-84-9883,1953-12-11,10001,(251) 798-8811,X
C00025,Quinn,Foster,quinn.foster25@example.com,620-20-4044,1954-10-03,02101,(440) 613-2964,X
C00026,Henry,Singh,henry.singh26@example.com,734-20-7868,1992-10-19,75201,(523) 467-4346,X
C00027,Wendy,Klein,wendy.klein27@acme.io,371-60-3144,1992-11-10,33101,(523) 969-2188,F
C00028,Olivia,Thomas,olivia.thomas28@example.com,175-78-4492,1982-05-05,80202,(557) 270-5002,M
C00029,Jack,Foster,jack.foster29@testmail.org,953-79-5956,1989-11-17,10001,(883) 767-5905,X
C00030,David,Evans,david.evans30@samplecorp.net,218-23-3546,1967-05-20,77001,(934) 551-4335,X
C00031,Uma,Ingram,uma.ingram31@testmail.org,357-16-2512,1990-07-27,94016,(245) 203-6464,F
C00032,Uma,Ingram,uma.ingram32@acme.io,859-66-8007,1985-01-04,90210,(907) 352-9938,F
C00033,Liam,Singh,liam.singh33@acme.io,540-26-1685,1969-06-26,55401,(240) 566-4441,X
C00034,Henry,Vance,henry.vance34@example.com,462-81-7658,1989-12-05,80202,(442) 366-3900,M
C00035,Alice,Foster,alice.foster35@samplecorp.net,901-62-5065,1967-03-26,15201,(310) 591-1634,M
C00036,Henry,Green,henry.green36@testmail.org,458-49-4728,1964-01-22,77001,(608) 536-5564,F
C00037,Yara,Ingram,yara.ingram37@samplecorp.net,756-75-7548,1993-09-11,10001,(318) 467-3925,X
C00038,Iris,Brown,iris.brown38@example.com,710-65-6663,1996-06-14,98101,(723) 318-7311,X
C00039,Grace,Ingram,grace.ingram39@example.com,825-65-1027,1983-09-22,15201,(959) 954-4228,M
C00040,Noah,Carter,noah.carter40@samplecorp.net,738-50-3041,1996-05-17,94016,(882) 618-6344,M
C00041,Wendy,Johnson,wendy.johnson41@acme.io,296-63-7211,1993-12-06,98101,(782) 508-7653,X
C00042,Alice,Johnson,alice.johnson42@samplecorp.net,315-65-6279,1979-08-15,02101,(418) 723-8752,X
C00043,Frank,Vance,frank.vance43@example.com,390-75-6491,1955-04-22,94016,(430) 403-3414,F
C00044,Bob,Harris,bob.harris44@testmail.org,725-19-8461,1976-11-19,77001,(935) 913-7291,M
C00045,Mia,Harris,mia.harris45@acme.io,771-98-1090,1998-02-25,20001,(424) 380-9486,M
C00046,Bob,Rivera,bob.rivera46@acme.io,968-25-8478,1958-08-22,75201,(772) 809-6198,M
C00047,Tara,Young,tara.young47@testmail.org,950-80-8305,1960-12-28,33101,(660) 465-5050,X
C00048,Iris,Zhang,iris.zhang48@testmail.org,741-40-5499,1978-02-23,94016,(440) 478-6502,M
C00049,Rosa,Carter,rosa.carter49@acme.io,254-39-7275,1994-03-23,77001,(265) 624-7678,M
C00050,Rosa,Owens,rosa.owens50@testmail.org,163-36-7883,1974-10-23,10001,(983) 789-7232,M
C00051,Alice,Lopez,alice.lopez51@samplecorp.net,871-59-7865,1984-12-24,75201,(817) 425-8999,F
C00052,Iris,Nash,iris.nash52@testmail.org,129-59-6507,1992-11-26,20001,(941) 369-8657,F
C00053,Tara,Rivera,tara.rivera53@example.com,503-85-1444,1955-11-14,60601,(672) 386-1823,M
C00054,Mia,Klein,mia.klein54@acme.io,565-51-6529,1998-07-09,43215,(631) 458-2341,M
C00055,Alice,Young,alice.young55@example.com,458-38-2124,1999-11-02,43215,(231) 453-4266,F
C00056,Tara,Evans,tara.evans56@acme.io,229-70-2874,1986-04-15,15201,(462) 985-7043,F
C00057,Tara,Thomas,tara.thomas57@example.com,896-30-6096,1956-10-01,80202,(519) 789-7149,M
C00058,Wendy,Green,wendy.green58@example.com,706-98-4978,1956-12-25,94016,(900) 814-2983,X
C00059,Zane,Brown,zane.brown59@samplecorp.net,645-64-7071,1954-09-21,30301,(212) 630-9031,F
C00060,Noah,Lopez,noah.lopez60@testmail.org,824-29-8135,1961-12-17,02101,(476) 830-9817,M
C00061,Olivia,Nash,olivia.nash61@samplecorp.net,430-41-2419,1967-08-08,43215,(675) 783-7209,M
C00062,Alice,Patel,alice.patel62@samplecorp.net,286-72-4475,1972-05-11,94016,(810) 918-5526,X
C00063,Alice,Quinn,alice.quinn63@acme.io,187-40-7658,1981-09-25,77001,(907) 687-9041,M
C00064,Zane,Anderson,zane.anderson64@example.com,401-38-7625,1994-04-10,02101,(795) 577-8753,X
C00065,Quinn,Lopez,quinn.lopez65@testmail.org,863-80-6419,1972-12-15,94016,(513) 457-4777,F
C00066,Xavier,Green,xavier.green66@samplecorp.net,222-78-4033,1962-04-24,33101,(483) 941-9595,X
C00067,Jack,Davis,jack.davis67@acme.io,403-39-6912,1961-05-01,15201,(746) 329-5494,F
C00068,Bob,Rivera,bob.rivera68@samplecorp.net,814-26-9042,1956-01-19,94016,(680) 690-8216,M
C00069,Frank,Brown,frank.brown69@samplecorp.net,982-71-2869,2002-02-13,33101,(275) 790-1878,F
C00070,Eve,Singh,eve.singh70@samplecorp.net,187-41-2940,1985-07-20,98101,(833) 431-9561,M
C00071,Olivia,Owens,olivia.owens71@samplecorp.net,980-85-8025,1969-10-20,10001,(824) 957-2625,F
C00072,Uma,Green,uma.green72@samplecorp.net,776-20-3573,1965-03-18,90210,(360) 202-7693,M
C00073,Wendy,Thomas,wendy.thomas73@testmail.org,398-14-4792,1968-12-10,15201,(664) 272-4824,M
C00074,Zane,Underwood,zane.underwood74@acme.io,535-24-9922,1964-11-05,80202,(472) 345-2169,F
C00075,Frank,Johnson,frank.johnson75@samplecorp.net,549-25-8679,1994-05-23,20001,(478) 712-9847,M
C00076,Olivia,Carter,olivia.carter76@example.com,542-51-5102,1951-02-08,02101,(789) 801-1339,X
C00077,Iris,Singh,iris.singh77@example.com,881-32-8708,1983-11-15,80202,(484) 385-8141,X
C00078,Paul,Carter,paul.carter78@testmail.org,456-62-6460,1970-11-04,55401,(364) 537-7744,X
C00079,Paul,Johnson,paul.johnson79@testmail.org,933-80-1601,1979-02-11,94016,(531) 318-7622,X
C00080,Alice,Vance,alice.vance80@testmail.org,523-16-4073,1983-06-20,43215,(710) 840-8242,F
C00081,Grace,Ingram,grace.ingram81@acme.io,394-66-8941,1957-01-21,98101,(445) 926-3594,M
C00082,Rosa,Anderson,rosa.anderson82@testmail.org,195-38-2858,1979-02-21,55401,(357) 710-5781,X
C00083,Wendy,Ingram,wendy.ingram83@testmail.org,954-71-8736,1965-08-18,60601,(592) 395-9327,X
C00084,Eve,Carter,eve.carter84@samplecorp.net,891-63-6568,2000-09-09,55401,(202) 489-5891,X
C00085,Sam,Vance,sam.vance85@testmail.org,986-29-8316,1984-08-12,30301,(765) 981-9903,M
C00086,Olivia,Klein,olivia.klein86@acme.io,814-40-7274,1964-07-02,30301,(962) 684-7246,M
C00087,Vince,Underwood,vince.underwood87@acme.io,607-14-3068,1982-10-11,55401,(302) 650-2633,X
C00088,Olivia,Anderson,olivia.anderson88@acme.io,519-93-3529,1954-08-26,94016,(546) 838-7512,X
C00089,Carol,Klein,carol.klein89@testmail.org,424-90-8994,2005-09-02,98101,(270) 440-5708,F
C00090,Xavier,Carter,xavier.carter90@testmail.org,200-91-2646,1978-03-23,94016,(229) 247-6314,F
C00091,Jack,Lopez,jack.lopez91@samplecorp.net,541-28-5000,1983-07-19,02101,(384) 374-3868,F
C00092,Tara,Mitchell,tara.mitchell92@acme.io,609-84-3344,1964-08-21,94016,(670) 461-1153,M
C00093,Jack,Vance,jack.vance93@acme.io,175-66-6661,1987-05-21,20001,(906) 456-8484,M
C00094,Grace,Mitchell,grace.mitchell94@testmail.org,209-40-7248,1986-06-19,94016,(916) 502-1359,X
C00095,Mia,Ingram,mia.ingram95@example.com,679-97-1803,1988-12-16,55401,(493) 994-4770,X
C00096,Zane,Lopez,zane.lopez96@acme.io,751-34-5106,1993-12-25,02101,(897) 340-2591,X
C00097,Uma,Brown,uma.brown97@samplecorp.net,907-66-1546,1987-06-24,60601,(292) 502-6352,X
C00098,Noah,Foster,noah.foster98@acme.io,235-79-6994,1983-09-09,55401,(368) 463-8894,M
C00099,Xavier,Klein,xavier.klein99@example.com,579-19-3306,1998-04-28,02101,(941) 890-7511,X
C00100,Liam,Carter,liam.carter100@testmail.org,114-43-9791,1957-08-12,02101,(966) 888-5295,X
C00101,Mia,Underwood,mia.underwood101@samplecorp.net,210-96-4830,1980-01-20,80202,(774) 535-4626,X
C00102,Carol,Underwood,carol.underwood102@testmail.org,817-48-7689,1957-03-02,10001,(511) 704-2902,F
C00103,Henry,Rivera,henry.rivera103@acme.io,497-68-7078,1992-12-23,75201,(629) 801-3531,M
C00104,Uma,Davis,uma.davis104@testmail.org,730-62-5583,1952-12-12,77001,(654) 655-4868,M
C00105,David,Vance,david.vance105@samplecorp.net,657-92-6876,1953-07-09,77001,(325) 665-2501,X
C00106,Grace,Underwood,grace.underwood106@example.com,151-52-4990,1958-10-07,90210,(983) 767-4394,X
C00107,Grace,Harris,grace.harris107@samplecorp.net,892-28-1046,1967-03-05,75201,(456) 378-2801,X
C00108,Alice,Evans,alice.evans108@example.com,466-40-6304,1951-03-09,10001,(329) 959-7897,X
C00109,David,Young,david.young109@example.com,587-67-6931,1982-10-04,33101,(715) 426-1710,X
C00110,Zane,Vance,zane.vance110@samplecorp.net,569-92-1510,1953-08-28,20001,(636) 902-2768,M
C00111,Wendy,Owens,wendy.owens111@example.com,182-51-3430,1954-03-09,98101,(848) 799-9984,X
C00112,Kate,Mitchell,kate.mitchell112@samplecorp.net,564-74-8048,1956-12-04,55401,(870) 866-4522,M
C00113,Olivia,Harris,olivia.harris113@testmail.org,447-68-7532,1976-12-04,30301,(637) 520-5176,M
C00114,Eve,Vance,eve.vance114@testmail.org,168-21-2398,1955-07-04,15201,(956) 581-3131,X
C00115,Bob,Singh,bob.singh115@samplecorp.net,786-25-7730,1972-11-25,20001,(938) 252-5712,X
C00116,Jack,Lopez,jack.lopez116@example.com,691-74-4485,1959-11-16,77001,(310) 558-7022,F
C00117,Yara,Ingram,yara.ingram117@acme.io,926-64-1430,1988-11-27,15201,(473) 229-3955,M
C00118,Wendy,Zhang,wendy.zhang118@samplecorp.net,447-54-1100,1961-03-19,02101,(610) 271-3324,X
C00119,Uma,Anderson,uma.anderson119@example.com,864-77-4524,1974-07-15,30301,(361) 578-6105,X
C00120,Kate,Zhang,kate.zhang120@example.com,153-29-3579,1998-10-02,02101,(283) 478-8259,X
C00121,Noah,Patel,noah.patel121@testmail.org,524-44-4531,1998-09-04,30301,(640) 313-5640,X
C00122,Vince,Singh,vince.singh122@testmail.org,639-95-6053,1952-04-13,98101,(256) 207-4349,M
C00123,Grace,Zhang,grace.zhang123@acme.io,882-42-5742,1970-02-01,33101,(964) 640-3878,F
C00124,Mia,Rivera,mia.rivera124@acme.io,612-81-6802,1954-07-28,15201,(243) 646-1307,M
C00125,Carol,Klein,carol.klein125@testmail.org,687-61-7843,1968-02-13,10001,(532) 375-8538,X
C00126,Liam,Carter,liam.carter126@testmail.org,964-23-4986,1977-10-13,75201,(280) 605-6083,X
C00127,Kate,Harris,kate.harris127@samplecorp.net,897-31-2251,1982-11-04,75201,(722) 398-6724,M
C00128,Xavier,Underwood,xavier.underwood128@acme.io,341-23-3399,1966-04-06,98101,(356) 978-2234,F
C00129,Yara,Underwood,yara.underwood129@testmail.org,575-82-8354,1993-10-21,02101,(839) 530-6179,F
C00130,Olivia,Carter,olivia.carter130@testmail.org,552-90-5961,2000-05-19,10001,(560) 719-2215,M
C00131,Olivia,Owens,olivia.owens131@example.com,158-57-5703,1954-11-28,55401,(292) 829-9307,M
C00132,Olivia,Singh,olivia.singh132@example.com,560-83-4084,1970-10-16,75201,(354) 263-8381,F
C00133,Zane,Klein,zane.klein133@example.com,616-92-3827,1952-04-23,33101,(649) 736-9564,X
C00134,Frank,Lopez,frank.lopez134@samplecorp.net,389-59-7697,1999-06-22,98101,(253) 846-6482,F
C00135,Kate,Davis,kate.davis135@testmail.org,390-42-3463,1971-02-19,02101,(344) 558-6082,X
C00136,Wendy,Vance,wendy.vance136@testmail.org,232-86-2388,1969-09-13,02101,(536) 330-9624,F
C00137,Uma,Vance,uma.vance137@testmail.org,620-56-1298,1973-05-06,77001,(549) 984-8967,F
C00138,Henry,Evans,henry.evans138@acme.io,179-47-2657,1982-09-27,15201,(739) 238-6517,X
C00139,Eve,Thomas,eve.thomas139@testmail.org,257-30-3962,2003-12-25,98101,(369) 938-8170,F
C00140,Noah,Lopez,noah.lopez140@acme.io,554-88-5668,1998-12-26,33101,(439) 746-4918,M
C00141,Zane,Patel,zane.patel141@acme.io,476-96-8218,1979-05-25,20001,(714) 740-7859,F
C00142,Grace,Thomas,grace.thomas142@acme.io,993-42-1854,1991-08-28,30301,(767) 305-9452,F
C00143,Jack,Carter,jack.carter143@acme.io,379-67-9410,1959-07-03,80202,(427) 661-6727,F
C00144,Noah,Brown,noah.brown144@testmail.org,614-57-4862,1974-02-12,77001,(228) 526-2623,X
C00145,Uma,Klein,uma.klein145@acme.io,240-14-5700,2003-08-23,55401,(342) 977-8685,M
C00146,Tara,Anderson,tara.anderson146@example.com,119-42-4533,2003-03-18,15201,(823) 740-7934,F
C00147,Yara,Johnson,yara.johnson147@acme.io,408-25-1782,1965-07-21,43215,(837) 668-2029,F
C00148,Paul,Thomas,paul.thomas148@example.com,747-75-4963,1995-03-10,20001,(201) 829-6780,F
C00149,Sam,Nash,sam.nash149@acme.io,780-95-2402,1983-06-03,75201,(757) 719-9316,X
C00150,Alice,Mitchell,alice.mitchell150@testmail.org,144-91-7338,1973-05-24,10001,(565) 269-6649,F
C00151,Xavier,Vance,xavier.vance151@example.com,890-84-6447,1958-01-12,75201,(546) 858-3868,X
C00152,Olivia,Wright,olivia.wright152@testmail.org,746-33-3209,1954-12-25,33101,(237) 500-4302,F
C00153,Zane,Green,zane.green153@example.com,423-49-9444,1975-09-16,94016,(237) 971-4131,M
C00154,Liam,Zhang,liam.zhang154@example.com,986-93-6438,1967-02-26,30301,(647) 609-8204,M
C00155,Kate,Foster,kate.foster155@testmail.org,808-73-7018,2001-09-09,43215,(284) 944-7955,F
C00156,Noah,Thomas,noah.thomas156@acme.io,658-47-6262,1956-02-11,02101,(502) 513-8305,X
C00157,Wendy,Nash,wendy.nash157@acme.io,806-66-6759,1978-01-24,55401,(561) 829-8126,M
C00158,Uma,Brown,uma.brown158@example.com,787-91-7655,1973-09-26,15201,(895) 363-1510,F
C00159,Tara,Vance,tara.vance159@testmail.org,135-26-2101,1965-11-12,30301,(592) 780-1530,X
C00160,Eve,Vance,eve.vance160@testmail.org,479-57-8273,1998-02-19,60601,(742) 575-7521,M
C00161,Uma,Ingram,uma.ingram161@acme.io,216-13-4048,1981-09-13,80202,(775) 320-5288,M
C00162,Wendy,Owens,wendy.owens162@acme.io,726-46-9047,1962-02-05,55401,(275) 662-3828,X
C00163,Olivia,Carter,olivia.carter163@samplecorp.net,783-54-2063,1985-09-10,80202,(507) 361-3852,M
C00164,Quinn,Harris,quinn.harris164@example.com,305-27-4878,2000-08-01,30301,(767) 786-7044,M
C00165,Zane,Rivera,zane.rivera165@acme.io,726-21-2077,1969-07-23,15201,(690) 738-7730,M
C00166,Sam,Carter,sam.carter166@acme.io,424-92-2215,1978-08-22,75201,(552) 331-3981,F
C00167,Noah,Quinn,noah.quinn167@example.com,951-25-9488,1959-05-06,60601,(530) 926-4694,M
C00168,Quinn,Johnson,quinn.johnson168@example.com,356-35-5496,1958-11-10,98101,(746) 295-9234,X
C00169,Frank,Singh,frank.singh169@acme.io,275-94-6531,2003-10-02,55401,(229) 283-1744,X
C00170,Yara,Singh,yara.singh170@samplecorp.net,766-36-7825,1989-11-01,33101,(842) 758-5745,X
C00171,Jack,Patel,jack.patel171@acme.io,924-97-7653,1969-08-03,15201,(261) 361-8202,M
C00172,Paul,Owens,paul.owens172@acme.io,448-87-3353,1970-12-11,15201,(553) 608-3142,M
C00173,Quinn,Rivera,quinn.rivera173@example.com,426-40-8642,1957-05-15,77001,(344) 299-1829,M
C00174,Mia,Thomas,mia.thomas174@testmail.org,354-30-6364,1986-12-11,77001,(981) 363-9163,X
C00175,Olivia,Patel,olivia.patel175@samplecorp.net,609-12-2475,1975-09-15,77001,(420) 797-6781,F
C00176,Bob,Johnson,bob.johnson176@testmail.org,711-93-8710,1968-09-01,55401,(310) 641-3194,M
C00177,Xavier,Lopez,xavier.lopez177@testmail.org,474-15-7563,1953-10-18,77001,(571) 766-5728,F
C00178,Mia,Quinn,mia.quinn178@testmail.org,882-80-5582,2002-10-22,98101,(321) 331-2584,M
C00179,Liam,Klein,liam.klein179@samplecorp.net,873-28-4261,1988-09-13,75201,(241) 246-1637,F
C00180,Wendy,Klein,wendy.klein180@testmail.org,631-68-3440,1988-09-05,30301,(827) 526-3662,M
C00181,Tara,Young,tara.young181@samplecorp.net,707-53-9311,2003-09-18,33101,(925) 776-5911,M
C00182,Alice,Lopez,alice.lopez182@samplecorp.net,789-24-7824,1987-05-26,80202,(942) 904-1436,X
C00183,Paul,Ingram,paul.ingram183@acme.io,838-16-8871,1960-09-21,15201,(834) 993-7229,F
C00184,Vince,Harris,vince.harris184@example.com,686-99-2800,1962-01-15,30301,(628) 355-7765,X
C00185,Grace,Nash,grace.nash185@testmail.org,993-17-3262,1983-04-18,30301,(878) 689-9609,M
C00186,Kate,Foster,kate.foster186@testmail.org,645-53-9950,1972-11-25,55401,(938) 897-5331,X
C00187,Paul,Green,paul.green187@acme.io,385-81-5890,1964-05-25,94016,(921) 412-9011,M
C00188,Paul,Lopez,paul.lopez188@samplecorp.net,394-25-9899,1974-07-27,30301,(991) 349-5758,F
C00189,Jack,Wright,jack.wright189@example.com,454-66-5201,1997-08-07,77001,(751) 477-5450,F
C00190,David,Thomas,david.thomas190@acme.io,348-16-9700,1964-11-08,10001,(302) 623-6411,X
C00191,Paul,Davis,paul.davis191@acme.io,105-80-3587,1976-11-16,33101,(866) 404-5706,M
C00192,Jack,Underwood,jack.underwood192@example.com,887-21-4804,1984-12-24,55401,(238) 379-7846,F
C00193,Bob,Mitchell,bob.mitchell193@testmail.org,290-47-1613,1950-05-19,98101,(309) 543-5662,M
C00194,Uma,Rivera,uma.rivera194@testmail.org,237-74-8668,1967-04-26,90210,(538) 366-8518,X
C00195,Iris,Wright,iris.wright195@acme.io,114-53-5833,1986-11-25,77001,(379) 825-7643,M
C00196,Quinn,Klein,quinn.klein196@example.com,510-95-2562,1961-03-16,30301,(454) 206-5272,M
C00197,Henry,Owens,henry.owens197@samplecorp.net,437-48-1187,1966-11-12,15201,(441) 263-2936,M
C00198,Jack,Foster,jack.foster198@testmail.org,802-74-6095,1994-02-21,80202,(502) 576-4618,F
C00199,Eve,Patel,eve.patel199@acme.io,565-87-7121,1976-12-18,80202,(682) 975-9806,X
C00200,Grace,Zhang,grace.zhang200@acme.io,796-86-2341,1983-08-17,15201,(570) 279-2838,F
C00201,Rosa,Quinn,rosa.quinn201@acme.io,686-78-3455,1960-06-28,75201,(652) 319-4365,X
C00202,Sam,Patel,sam.patel202@example.com,622-67-1911,1979-03-17,20001,(667) 777-1945,X
C00203,Olivia,Vance,olivia.vance203@samplecorp.net,840-12-7487,1966-01-24,77001,(792) 274-1742,M
C00204,Liam,Wright,liam.wright204@example.com,654-17-2130,1980-01-10,20001,(384) 987-3218,X
C00205,Xavier,Underwood,xavier.underwood205@testmail.org,483-58-8348,2005-07-13,90210,(899) 877-9835,F
C00206,Uma,Lopez,uma.lopez206@example.com,282-78-7439,1983-03-24,77001,(203) 974-1372,M
C00207,Olivia,Vance,olivia.vance207@testmail.org,644-58-4762,1965-08-12,60601,(482) 393-2848,F
C00208,Zane,Vance,zane.vance208@testmail.org,729-12-4943,1963-02-04,98101,(234) 657-1797,F
C00209,Xavier,Brown,xavier.brown209@testmail.org,549-39-9843,1963-01-05,75201,(496) 439-6224,X
C00210,Tara,Zhang,tara.zhang210@samplecorp.net,342-48-3347,1992-09-08,20001,(507) 481-1998,X
C00211,Sam,Young,sam.young211@acme.io,741-96-7999,1985-08-02,30301,(858) 887-7244,X
C00212,Kate,Wright,kate.wright212@testmail.org,518-29-5913,1974-03-25,75201,(684) 446-4692,M
C00213,Wendy,Evans,wendy.evans213@testmail.org,159-81-7761,1976-09-17,60601,(597) 448-5177,F
C00214,Kate,Underwood,kate.underwood214@example.com,560-57-2514,1984-12-27,77001,(252) 474-7179,X
C00215,Tara,Thomas,tara.thomas215@example.com,994-19-4082,2001-10-24,02101,(772) 422-8854,F
C00216,Kate,Johnson,kate.johnson216@example.com,316-34-2922,1997-08-08,15201,(818) 920-4350,M
C00217,Henry,Rivera,henry.rivera217@samplecorp.net,894-46-7236,1979-09-21,30301,(515) 467-6892,X
C00218,Paul,Owens,paul.owens218@example.com,922-70-6246,1963-06-11,20001,(246) 776-4625,X
C00219,Eve,Anderson,eve.anderson219@samplecorp.net,666-84-7841,1968-03-07,30301,(435) 588-5026,M
C00220,Rosa,Underwood,rosa.underwood220@samplecorp.net,363-72-9037,1979-03-24,43215,(560) 373-3293,X
C00221,Rosa,Patel,rosa.patel221@acme.io,655-92-1962,1983-01-27,55401,(276) 884-1794,F
C00222,Noah,Evans,noah.evans222@acme.io,169-29-1149,1963-09-15,30301,(261) 832-8916,X
C00223,Paul,Anderson,paul.anderson223@example.com,644-80-7739,1950-01-17,15201,(481) 748-5697,F
C00224,Quinn,Wright,quinn.wright224@testmail.org,925-32-2753,1956-09-05,77001,(396) 834-9625,M
C00225,Liam,Ingram,liam.ingram225@testmail.org,180-57-7652,1979-10-08,15201,(431) 507-2320,X
C00226,Uma,Zhang,uma.zhang226@example.com,195-61-7213,1974-09-16,10001,(852) 209-3807,F
C00227,Paul,Nash,paul.nash227@samplecorp.net,679-22-9653,1952-04-07,80202,(908) 780-8790,M
C00228,Bob,Carter,bob.carter228@samplecorp.net,656-82-1539,1961-06-01,77001,(801) 347-7525,F
C00229,Jack,Foster,jack.foster229@acme.io,680-59-9856,1971-07-25,15201,(343) 905-2284,X
C00230,Xavier,Lopez,xavier.lopez230@example.com,200-65-4803,2003-02-11,98101,(987) 828-7499,M
C00231,Alice,Underwood,alice.underwood231@samplecorp.net,902-67-9038,1964-06-18,20001,(642) 390-7227,F
C00232,Yara,Thomas,yara.thomas232@samplecorp.net,917-41-2204,1955-05-05,20001,(928) 849-3527,X
C00233,Mia,Klein,mia.klein233@samplecorp.net,209-21-1085,1969-08-12,43215,(476) 304-3170,F
C00234,Frank,Nash,frank.nash234@testmail.org,670-81-9395,1976-02-01,90210,(562) 767-2524,X
C00235,Tara,Klein,tara.klein235@testmail.org,112-47-7779,1974-02-24,80202,(772) 448-9537,F
C00236,Vince,Mitchell,vince.mitchell236@acme.io,242-44-5933,1967-08-05,90210,(371) 645-5521,M
C00237,Jack,Patel,jack.patel237@example.com,469-42-5040,1996-11-16,98101,(831) 400-8501,F
C00238,Eve,Johnson,eve.johnson238@example.com,505-52-7224,2001-06-15,30301,(640) 866-3230,M
C00239,Kate,Thomas,kate.thomas239@acme.io,590-50-3910,1975-06-10,15201,(911) 848-9044,X
C00240,Zane,Harris,zane.harris240@samplecorp.net,485-45-7437,1973-02-19,77001,(806) 758-3947,X
C00241,Yara,Rivera,yara.rivera241@example.com,844-69-4434,1978-05-27,15201,(270) 618-9180,F
C00242,Uma,Johnson,uma.johnson242@acme.io,358-94-3525,1995-07-26,20001,(275) 659-8851,X
C00243,Mia,Rivera,mia.rivera243@testmail.org,656-14-6890,1994-09-20,02101,(287) 311-5067,X
C00244,Vince,Lopez,vince.lopez244@acme.io,762-88-1725,1986-11-22,02101,(609) 970-6432,M
C00245,David,Anderson,david.anderson245@example.com,364-38-9366,1997-09-18,98101,(904) 789-4621,M
C00246,Liam,Mitchell,liam.mitchell246@testmail.org,890-96-9199,1959-06-01,33101,(307) 502-7815,F
C00247,David,Young,david.young247@acme.io,456-49-6620,1979-04-17,33101,(556) 687-2599,M
C00248,Xavier,Wright,xavier.wright248@testmail.org,426-18-5919,1952-12-04,10001,(551) 863-2791,X
C00249,Zane,Foster,zane.foster249@acme.io,628-32-3623,1971-09-14,33101,(437) 614-4022,F
C00250,Uma,Vance,uma.vance250@testmail.org,505-13-4232,1978-10-14,20001,(204) 921-4519,F
C00251,Iris,Zhang,iris.zhang251@example.com,691-23-9796,1961-06-11,77001,(668) 316-5298,X
C00252,Paul,Quinn,paul.quinn252@samplecorp.net,711-59-7431,1987-02-12,30301,(668) 832-3826,X
C00253,Wendy,Johnson,wendy.johnson253@example.com,788-27-6131,1957-04-10,90210,(387) 582-3316,X
C00254,Mia,Nash,mia.nash254@acme.io,688-59-7931,1961-08-21,75201,(910) 860-3838,X
C00255,Frank,Patel,frank.patel255@samplecorp.net,243-33-6154,2003-08-20,10001,(567) 209-8939,F
C00256,Grace,Mitchell,grace.mitchell256@testmail.org,518-97-9056,1976-12-27,33101,(700) 371-2354,X
C00257,Alice,Zhang,alice.zhang257@acme.io,399-14-5503,1964-09-10,60601,(999) 668-9115,X
C00258,Quinn,Davis,quinn.davis258@example.com,374-79-7010,1984-01-25,15201,(651) 759-4580,M
C00259,David,Young,david.young259@acme.io,404-14-8368,1966-06-28,55401,(289) 649-2923,F
C00260,Grace,Young,grace.young260@samplecorp.net,981-88-8015,1960-10-05,43215,(411) 411-1972,X
C00261,Liam,Rivera,liam.rivera261@samplecorp.net,711-78-3758,1970-12-10,94016,(786) 473-9428,X
C00262,David,Evans,david.evans262@testmail.org,160-45-3078,1994-03-08,60601,(928) 529-5055,X
C00263,Mia,Patel,mia.patel263@acme.io,691-90-5402,1990-07-13,33101,(277) 848-2525,M
C00264,Quinn,Young,quinn.young264@samplecorp.net,811-57-8449,1981-06-19,10001,(992) 950-2526,X
C00265,Olivia,Underwood,olivia.underwood265@samplecorp.net,970-18-9756,1975-04-14,55401,(416) 706-5399,M
C00266,Jack,Klein,jack.klein266@acme.io,679-72-6631,1993-01-02,90210,(841) 670-1266,F
C00267,Frank,Owens,frank.owens267@testmail.org,100-64-4314,1994-03-21,94016,(362) 480-2529,X
C00268,Liam,Ingram,liam.ingram268@example.com,480-95-3711,1953-07-21,94016,(943) 916-4836,M
C00269,Uma,Carter,uma.carter269@example.com,101-37-8812,1954-03-19,77001,(731) 896-8291,F
C00270,Alice,Wright,alice.wright270@samplecorp.net,936-25-7919,1994-03-16,90210,(434) 592-2463,X
C00271,Zane,Davis,zane.davis271@example.com,420-57-5902,1958-07-25,55401,(971) 336-3340,F
C00272,Quinn,Singh,quinn.singh272@example.com,724-93-3688,1978-06-24,77001,(843) 966-3480,M
C00273,Tara,Vance,tara.vance273@testmail.org,980-37-2420,1956-03-25,90210,(803) 947-7291,M
C00274,Noah,Klein,noah.klein274@acme.io,353-45-2380,1965-09-20,98101,(938) 822-5668,X
C00275,Alice,Vance,alice.vance275@samplecorp.net,310-76-9348,1962-12-13,94016,(861) 255-4921,M
C00276,Mia,Davis,mia.davis276@acme.io,611-91-2163,1983-01-12,80202,(524) 335-7337,X
C00277,Noah,Lopez,noah.lopez277@acme.io,881-70-2195,1951-10-03,10001,(468) 420-1652,F
C00278,Zane,Mitchell,zane.mitchell278@samplecorp.net,743-74-7806,1977-12-13,90210,(855) 749-9808,X
C00279,Eve,Ingram,eve.ingram279@example.com,417-20-9377,1963-03-18,30301,(600) 800-2083,M
C00280,Wendy,Nash,wendy.nash280@acme.io,159-41-2412,1977-02-15,98101,(823) 256-6067,X
C00281,Xavier,Vance,xavier.vance281@acme.io,222-11-3248,1994-01-06,33101,(555) 735-9474,X
C00282,Iris,Foster,iris.foster282@samplecorp.net,229-44-2934,1999-01-11,43215,(639) 478-9582,F
C00283,Iris,Wright,iris.wright283@example.com,608-68-9368,1973-01-16,55401,(780) 370-7024,F
C00284,Iris,Zhang,iris.zhang284@example.com,687-96-2889,1964-12-17,10001,(245) 212-5006,F
C00285,Paul,Lopez,paul.lopez285@testmail.org,253-32-1579,1985-12-24,02101,(629) 429-6272,F
C00286,Noah,Young,noah.young286@samplecorp.net,377-19-7108,1957-09-22,80202,(253) 383-4656,X
C00287,Bob,Mitchell,bob.mitchell287@example.com,998-69-5625,1999-05-11,90210,(766) 667-1130,M
C00288,Grace,Johnson,grace.johnson288@samplecorp.net,857-89-4974,1979-06-19,33101,(991) 994-4201,X
C00289,Rosa,Zhang,rosa.zhang289@acme.io,254-10-7718,1951-04-18,30301,(851) 910-1157,M
C00290,Alice,Zhang,alice.zhang290@testmail.org,969-49-2703,1963-09-08,20001,(703) 261-3332,X
C00291,Iris,Carter,iris.carter291@example.com,337-76-7767,1994-06-15,15201,(286) 794-2565,X
C00292,Eve,Underwood,eve.underwood292@testmail.org,176-85-2020,1977-11-05,77001,(498) 467-6161,M
C00293,Wendy,Young,wendy.young293@samplecorp.net,425-67-5455,1964-02-07,60601,(998) 988-2785,F
C00294,David,Foster,david.foster294@testmail.org,577-50-7660,1957-09-12,43215,(412) 662-6051,M
C00295,Iris,Davis,iris.davis295@example.com,261-97-5984,2002-12-23,98101,(241) 420-6370,F
C00296,Carol,Wright,carol.wright296@acme.io,464-60-9412,1953-11-10,94016,(378) 231-7625,M
C00297,Rosa,Young,rosa.young297@acme.io,196-69-2669,2001-03-04,10001,(263) 999-4641,F
C00298,Grace,Mitchell,grace.mitchell298@samplecorp.net,802-90-2376,1987-10-09,80202,(276) 222-2056,F
C00299,Uma,Owens,uma.owens299@acme.io,194-52-3007,1952-08-02,60601,(787) 643-7471,M
C00300,Alice,Mitchell,alice.mitchell300@testmail.org,276-55-4517,1961-05-09,33101,(352) 235-5026,X
C00301,Jack,Patel,jack.patel301@testmail.org,663-71-1999,1955-05-13,60601,(629) 404-9614,F
C00302,Uma,Rivera,uma.rivera302@example.com,491-55-8859,1984-08-12,80202,(779) 714-6269,M
C00303,Iris,Foster,iris.foster303@example.com,426-86-4588,1951-05-02,43215,(683) 742-6856,X
C00304,Henry,Foster,henry.foster304@example.com,353-94-4951,1967-09-27,43215,(954) 257-4594,X
C00305,Zane,Mitchell,zane.mitchell305@samplecorp.net,959-32-3885,1965-10-11,43215,(955) 914-6878,X
C00306,Alice,Wright,alice.wright306@samplecorp.net,681-82-3328,1986-04-27,43215,(704) 755-6063,F
C00307,Paul,Brown,paul.brown307@example.com,157-39-4584,1951-09-16,10001,(539) 828-4300,F
C00308,Kate,Wright,kate.wright308@acme.io,921-51-1975,1951-03-19,15201,(345) 992-2817,X
C00309,Liam,Carter,liam.carter309@samplecorp.net,821-94-7481,1987-02-11,94016,(530) 339-3580,X
C00310,Noah,Underwood,noah.underwood310@testmail.org,764-50-3854,1995-09-23,80202,(828) 565-4657,X
C00311,Sam,Foster,sam.foster311@testmail.org,414-98-5825,1958-03-24,10001,(918) 786-7415,X
C00312,Bob,Foster,bob.foster312@samplecorp.net,928-88-4619,1990-10-04,80202,(708) 344-6425,X
C00313,Carol,Harris,carol.harris313@samplecorp.net,427-31-2453,2002-12-22,02101,(946) 543-8317,F
C00314,Iris,Green,iris.green314@acme.io,809-18-6742,1966-02-24,10001,(249) 595-8179,X
C00315,Noah,Foster,noah.foster315@testmail.org,604-58-6754,1984-07-04,55401,(690) 791-4695,F
C00316,Olivia,Carter,olivia.carter316@example.com,401-12-6221,1966-02-03,30301,(374) 584-3636,X
C00317,Carol,Rivera,carol.rivera317@example.com,446-86-8909,1995-01-14,02101,(368) 821-8113,F
C00318,Bob,Davis,bob.davis318@samplecorp.net,310-34-7705,1994-09-24,80202,(947) 753-5346,X
C00319,Jack,Johnson,jack.johnson319@acme.io,198-16-7437,1986-09-27,33101,(357) 255-6911,F
C00320,Noah,Carter,noah.carter320@samplecorp.net,943-94-8869,1962-02-01,77001,(374) 853-5781,F
C00321,Paul,Davis,paul.davis321@samplecorp.net,903-60-8715,1981-11-09,90210,(857) 757-7349,F
C00322,Liam,Mitchell,liam.mitchell322@samplecorp.net,291-67-1731,1966-08-15,94016,(431) 475-2009,F
C00323,Yara,Wright,yara.wright323@example.com,187-95-6632,2001-09-14,43215,(803) 432-1999,M
C00324,Quinn,Nash,quinn.nash324@testmail.org,686-40-8803,1969-02-13,80202,(931) 235-9226,X
C00325,Quinn,Singh,quinn.singh325@acme.io,223-67-3832,1960-04-26,77001,(329) 243-7936,F
C00326,Vince,Nash,vince.nash326@acme.io,942-90-3422,2003-10-09,30301,(944) 268-2425,M
C00327,Rosa,Mitchell,rosa.mitchell327@samplecorp.net,977-45-9514,1979-01-26,15201,(838) 801-9561,M
C00328,David,Nash,david.nash328@acme.io,251-82-2641,1956-10-25,90210,(492) 748-6633,M
C00329,Iris,Mitchell,iris.mitchell329@testmail.org,685-87-8750,1952-03-09,20001,(347) 833-7581,F
C00330,Mia,Klein,mia.klein330@acme.io,150-70-5400,1973-01-11,55401,(510) 518-5593,M
C00331,Wendy,Vance,wendy.vance331@example.com,989-39-3201,1969-12-15,43215,(528) 475-7828,X
C00332,Uma,Carter,uma.carter332@acme.io,552-37-7671,1997-08-25,75201,(582) 257-9442,F
C00333,Carol,Johnson,carol.johnson333@testmail.org,238-77-1474,1961-04-27,77001,(259) 455-1541,M
C00334,Bob,Lopez,bob.lopez334@acme.io,380-57-8605,1982-07-21,80202,(326) 897-1500,F
C00335,Liam,Patel,liam.patel335@testmail.org,281-70-6730,1972-03-27,80202,(464) 966-2480,M
C00336,Alice,Mitchell,alice.mitchell336@example.com,266-83-4511,2004-04-21,77001,(893) 411-5408,X
C00337,Noah,Quinn,noah.quinn337@example.com,985-97-1145,1980-03-21,60601,(815) 208-4666,M
C00338,Tara,Johnson,tara.johnson338@samplecorp.net,533-58-6713,1979-05-07,33101,(509) 893-9530,X
C00339,Mia,Singh,mia.singh339@example.com,107-75-7131,1985-11-20,98101,(489) 505-2771,M
C00340,Carol,Klein,carol.klein340@samplecorp.net,755-51-5536,1966-11-23,80202,(867) 505-4086,F
C00341,Quinn,Zhang,quinn.zhang341@acme.io,158-86-7620,1992-06-22,60601,(938) 226-9148,M
C00342,Iris,Nash,iris.nash342@testmail.org,497-14-4111,1971-12-23,77001,(902) 747-8794,X
C00343,Liam,Quinn,liam.quinn343@samplecorp.net,965-31-3967,1968-02-16,60601,(958) 464-3999,X
C00344,Kate,Underwood,kate.underwood344@example.com,327-55-4659,1997-05-14,43215,(539) 580-5269,X
C00345,Jack,Owens,jack.owens345@example.com,581-16-2166,1980-04-17,90210,(897) 590-9680,M
C00346,Noah,Brown,noah.brown346@acme.io,240-35-6614,1976-10-15,60601,(523) 932-3954,F
C00347,Paul,Klein,paul.klein347@acme.io,420-91-1950,1950-08-09,77001,(979) 992-3762,X
C00348,Yara,Foster,yara.foster348@testmail.org,904-21-3120,1989-07-21,20001,(613) 639-8821,M
C00349,Alice,Brown,alice.brown349@acme.io,848-57-1230,1970-09-07,10001,(892) 204-5076,F
C00350,Wendy,Lopez,wendy.lopez350@samplecorp.net,232-23-7284,1982-10-10,60601,(266) 246-5885,M
C00351,Olivia,Young,olivia.young351@samplecorp.net,544-97-3192,1971-08-12,43215,(392) 368-7609,F
C00352,Henry,Harris,henry.harris352@acme.io,316-12-9267,1960-02-12,15201,(866) 238-7147,X
C00353,Iris,Zhang,iris.zhang353@example.com,708-16-2771,1991-01-02,15201,(318) 626-8279,M
C00354,David,Rivera,david.rivera354@samplecorp.net,585-99-3508,1963-12-22,02101,(209) 508-7895,X
C00355,David,Vance,david.vance355@samplecorp.net,737-87-3247,1976-02-17,15201,(832) 320-5631,F
C00356,Zane,Davis,zane.davis356@testmail.org,303-87-4272,1999-05-27,75201,(406) 566-7713,M
C00357,Frank,Brown,frank.brown357@testmail.org,312-98-8875,1971-04-01,10001,(887) 291-2809,X
C00358,Vince,Patel,vince.patel358@acme.io,192-75-2229,1996-12-04,80202,(462) 859-4787,M
C00359,Jack,Ingram,jack.ingram359@testmail.org,151-22-3862,2005-01-28,94016,(568) 893-6123,M
C00360,Xavier,Davis,xavier.davis360@example.com,971-15-1158,2004-03-22,02101,(374) 536-6857,M
C00361,Tara,Ingram,tara.ingram361@example.com,481-53-3996,1957-07-13,33101,(478) 594-8835,M
C00362,Uma,Foster,uma.foster362@example.com,235-99-1960,2004-03-04,20001,(804) 694-8178,F
C00363,Tara,Mitchell,tara.mitchell363@samplecorp.net,726-13-3140,1980-08-04,80202,(621) 651-1753,F
C00364,Iris,Underwood,iris.underwood364@samplecorp.net,112-96-9598,1999-12-19,15201,(778) 429-6542,X
C00365,Quinn,Wright,quinn.wright365@example.com,543-94-5072,1980-06-22,02101,(856) 594-3435,X
C00366,Tara,Brown,tara.brown366@example.com,758-30-9283,2004-08-28,33101,(369) 276-9055,M
C00367,Henry,Klein,henry.klein367@samplecorp.net,151-74-4648,1985-11-13,20001,(440) 280-8521,M
C00368,Zane,Singh,zane.singh368@testmail.org,190-73-8324,1970-02-16,15201,(869) 218-2681,M
C00369,Noah,Brown,noah.brown369@example.com,945-21-5990,1982-09-07,02101,(887) 667-6584,M
C00370,Bob,Harris,bob.harris370@testmail.org,439-81-8751,1995-11-12,15201,(663) 316-2596,X
C00371,Henry,Anderson,henry.anderson371@samplecorp.net,463-91-5783,1985-09-12,15201,(308) 246-3689,M
C00372,Eve,Wright,eve.wright372@testmail.org,209-42-4209,1962-02-28,20001,(420) 668-4122,X
C00373,Kate,Davis,kate.davis373@testmail.org,147-91-3018,1999-08-15,02101,(803) 716-3205,M
C00374,Alice,Quinn,alice.quinn374@example.com,666-65-8912,1982-03-23,98101,(377) 948-3103,F
C00375,Mia,Vance,mia.vance375@samplecorp.net,616-59-7859,1988-12-25,77001,(480) 607-6617,M
C00376,Olivia,Evans,olivia.evans376@acme.io,522-87-9393,1969-12-18,55401,(521) 928-4560,F
C00377,Grace,Thomas,grace.thomas377@samplecorp.net,803-54-3173,1995-11-06,75201,(755) 910-6281,X
C00378,David,Zhang,david.zhang378@samplecorp.net,675-71-7839,1993-12-27,75201,(492) 632-1209,X
C00379,David,Anderson,david.anderson379@testmail.org,248-16-1927,1962-05-25,43215,(364) 493-5105,F
C00380,Bob,Wright,bob.wright380@samplecorp.net,308-79-1529,1972-08-04,98101,(891) 957-4675,X
C00381,Uma,Rivera,uma.rivera381@testmail.org,343-75-5712,1994-11-02,80202,(590) 596-7825,X
C00382,Kate,Rivera,kate.rivera382@example.com,113-42-4327,1989-08-27,77001,(848) 921-7025,X
C00383,Rosa,Young,rosa.young383@acme.io,894-34-5819,1978-03-22,90210,(391) 377-9418,F
C00384,Mia,Brown,mia.brown384@testmail.org,385-81-5329,1958-03-19,55401,(461) 205-6415,M
C00385,Wendy,Evans,wendy.evans385@example.com,257-51-1833,1999-11-20,55401,(877) 508-9037,X
C00386,Rosa,Lopez,rosa.lopez386@example.com,902-50-9608,1964-03-17,90210,(717) 363-7814,X
C00387,Rosa,Mitchell,rosa.mitchell387@example.com,457-38-4495,1992-06-11,30301,(500) 423-9691,M
C00388,Rosa,Zhang,rosa.zhang388@example.com,217-95-6668,1978-04-21,98101,(836) 449-1653,X
C00389,Kate,Mitchell,kate.mitchell389@example.com,495-42-9851,1996-05-01,80202,(729) 988-7143,X
C00390,Zane,Quinn,zane.quinn390@testmail.org,598-15-5856,1991-04-11,75201,(284) 298-3742,X
C00391,Rosa,Anderson,rosa.anderson391@example.com,315-95-4492,2005-11-14,55401,(306) 410-9810,X
C00392,Xavier,Zhang,xavier.zhang392@testmail.org,762-19-3519,1951-08-23,30301,(238) 289-2200,F
C00393,Frank,Ingram,frank.ingram393@example.com,688-39-5237,1976-07-15,02101,(614) 643-6183,F
C00394,Mia,Vance,mia.vance394@example.com,647-10-2036,1998-12-19,10001,(917) 274-6860,X
C00395,David,Johnson,david.johnson395@samplecorp.net,721-21-5612,1998-08-13,20001,(876) 231-8765,F
C00396,Rosa,Harris,rosa.harris396@acme.io,864-60-9941,1968-11-05,94016,(893) 946-7113,F
C00397,Rosa,Rivera,rosa.rivera397@acme.io,226-15-1082,1986-10-13,75201,(760) 287-5992,F
C00398,Xavier,Young,xavier.young398@samplecorp.net,316-62-9397,1959-03-06,77001,(831) 458-4183,F
C00399,Frank,Vance,frank.vance399@example.com,971-80-8557,1991-09-03,94016,(887) 268-5107,F
C00400,Grace,Young,grace.young400@testmail.org,438-55-3100,1992-11-08,90210,(491) 834-2143,F
C00401,Kate,Patel,kate.patel401@testmail.org,436-88-6008,1994-10-05,98101,(780) 573-6182,M
C00402,Frank,Anderson,frank.anderson402@samplecorp.net,352-38-8145,1967-06-05,02101,(950) 539-8863,M
C00403,Olivia,Lopez,olivia.lopez403@samplecorp.net,598-80-2783,1961-11-20,90210,(487) 343-9824,F
C00404,Iris,Young,iris.young404@example.com,844-19-1305,2004-09-21,10001,(795) 792-7637,X
C00405,Grace,Brown,grace.brown405@samplecorp.net,656-79-8734,1991-03-12,20001,(428) 990-5767,F
C00406,Olivia,Quinn,olivia.quinn406@example.com,506-56-9227,1950-11-08,55401,(828) 900-3717,X
C00407,Eve,Owens,eve.owens407@acme.io,283-82-3395,1997-12-16,30301,(241) 424-8989,F
C00408,Carol,Ingram,carol.ingram408@samplecorp.net,339-15-4387,1983-06-13,33101,(665) 247-1653,X
C00409,Kate,Davis,kate.davis409@samplecorp.net,954-43-9918,1986-03-13,02101,(587) 574-2275,X
C00410,Iris,Mitchell,iris.mitchell410@acme.io,628-61-6781,2002-06-16,43215,(693) 818-1108,X
C00411,Eve,Owens,eve.owens411@acme.io,335-19-9430,1991-05-07,60601,(391) 361-6934,X
C00412,Wendy,Davis,wendy.davis412@acme.io,524-52-2856,1980-11-16,33101,(415) 804-3641,X
C00413,Noah,Anderson,noah.anderson413@acme.io,144-26-3639,1958-11-17,10001,(786) 350-1916,F
C00414,Iris,Foster,iris.foster414@testmail.org,713-82-1305,1996-12-22,55401,(490) 287-4548,M
C00415,Tara,Patel,tara.patel415@testmail.org,274-38-7730,1988-03-26,98101,(985) 386-9369,M
C00416,Frank,Young,frank.young416@samplecorp.net,564-86-2127,1964-07-13,60601,(311) 216-4315,X
C00417,Quinn,Vance,quinn.vance417@testmail.org,946-29-2577,1961-08-20,98101,(239) 744-9246,F
C00418,Carol,Patel,carol.patel418@acme.io,717-79-1019,1999-11-21,20001,(734) 630-7068,F
C00419,Wendy,Quinn,wendy.quinn419@testmail.org,334-71-7246,1972-10-26,15201,(979) 913-2600,M
C00420,Eve,Ingram,eve.ingram420@testmail.org,884-39-2373,1968-10-18,20001,(463) 393-1089,X
C00421,Xavier,Anderson,xavier.anderson421@example.com,632-10-7144,1991-04-23,43215,(523) 618-6935,F
C00422,Eve,Nash,eve.nash422@samplecorp.net,367-78-7939,1986-06-20,94016,(896) 606-4337,M
C00423,Rosa,Rivera,rosa.rivera423@testmail.org,283-57-8925,1966-05-19,30301,(992) 922-7522,X
C00424,Eve,Vance,eve.vance424@example.com,865-39-8317,2000-12-06,90210,(419) 720-7562,M
C00425,Zane,Rivera,zane.rivera425@example.com,264-59-1086,2001-02-27,60601,(682) 814-8133,F
C00426,Carol,Ingram,carol.ingram426@acme.io,479-20-1618,1996-07-13,98101,(871) 733-5693,X
C00427,Tara,Brown,tara.brown427@acme.io,755-73-8192,1950-04-28,02101,(730) 492-4190,F
C00428,Zane,Thomas,zane.thomas428@acme.io,729-31-1590,1973-04-21,10001,(361) 288-5520,M
C00429,Liam,Vance,liam.vance429@testmail.org,515-85-4281,1983-01-24,15201,(270) 292-5661,X
C00430,Rosa,Singh,rosa.singh430@samplecorp.net,455-45-4707,1988-04-15,80202,(613) 788-1076,M
C00431,Frank,Nash,frank.nash431@example.com,672-19-9243,1968-06-04,43215,(725) 463-9813,X
C00432,Iris,Wright,iris.wright432@testmail.org,486-82-8923,1999-04-25,30301,(994) 669-8548,X
C00433,Alice,Patel,alice.patel433@example.com,364-18-7269,1990-04-22,15201,(435) 523-7757,M
C00434,Quinn,Rivera,quinn.rivera434@example.com,817-43-5067,1968-02-13,02101,(966) 550-2245,X
C00435,Frank,Patel,frank.patel435@samplecorp.net,462-37-5408,1961-12-22,80202,(394) 710-4271,F
C00436,Xavier,Harris,xavier.harris436@samplecorp.net,311-39-4322,2003-04-27,98101,(564) 359-2747,F
C00437,Carol,Vance,carol.vance437@testmail.org,728-10-9871,1952-08-12,98101,(522) 704-5501,M
C00438,Frank,Zhang,frank.zhang438@samplecorp.net,507-38-3101,1953-09-26,20001,(689) 753-1533,X
C00439,Liam,Mitchell,liam.mitchell439@acme.io,568-25-9490,1979-06-23,10001,(212) 890-4452,M
C00440,Sam,Davis,sam.davis440@samplecorp.net,470-88-5254,1961-09-09,77001,(475) 682-6621,M
C00441,Frank,Patel,frank.patel441@testmail.org,315-63-7099,1973-07-09,33101,(384) 785-3148,X
C00442,Vince,Harris,vince.harris442@example.com,838-44-4863,1985-07-28,20001,(400) 349-3450,M
C00443,Zane,Anderson,zane.anderson443@acme.io,531-73-3203,2004-11-17,75201,(937) 523-8972,M
C00444,Iris,Rivera,iris.rivera444@example.com,507-22-3676,1953-04-27,94016,(687) 844-2577,M
C00445,Xavier,Klein,xavier.klein445@samplecorp.net,469-56-5222,1972-01-14,90210,(559) 895-4259,X
C00446,Sam,Underwood,sam.underwood446@acme.io,899-46-6818,1970-11-17,33101,(993) 954-8322,F
C00447,Mia,Thomas,mia.thomas447@samplecorp.net,574-90-3373,2005-03-21,43215,(545) 631-7631,F
C00448,Carol,Foster,carol.foster448@samplecorp.net,333-50-6191,1991-05-23,94016,(819) 860-7479,M
C00449,Olivia,Zhang,olivia.zhang449@samplecorp.net,865-85-9535,1978-07-06,60601,(223) 328-4844,X
C00450,Iris,Young,iris.young450@example.com,315-31-7505,1956-02-03,80202,(684) 761-1881,F
C00451,Yara,Mitchell,yara.mitchell451@example.com,206-43-3544,1955-11-13,94016,(434) 453-5655,M
C00452,Uma,Evans,uma.evans452@acme.io,639-31-1468,1952-11-12,55401,(533) 687-8654,X
C00453,Iris,Rivera,iris.rivera453@testmail.org,238-99-9835,1961-10-20,33101,(846) 966-8126,X
C00454,Uma,Underwood,uma.underwood454@samplecorp.net,455-71-9841,1964-02-15,94016,(574) 622-5256,F
C00455,Jack,Anderson,jack.anderson455@example.com,635-27-6634,1968-08-18,10001,(904) 703-8816,M
C00456,Alice,Zhang,alice.zhang456@testmail.org,917-47-4788,2000-01-18,30301,(393) 621-8161,M
C00457,Henry,Foster,henry.foster457@testmail.org,948-58-4614,1966-02-14,02101,(445) 729-5454,M
C00458,Uma,Young,uma.young458@samplecorp.net,522-34-2121,1961-03-10,90210,(852) 666-8418,M
C00459,Wendy,Thomas,wendy.thomas459@testmail.org,292-51-1317,1959-01-18,10001,(390) 304-5622,M
C00460,Eve,Wright,eve.wright460@testmail.org,844-11-4814,1955-03-01,33101,(422) 550-7885,M
C00461,Zane,Patel,zane.patel461@samplecorp.net,574-99-1519,1971-02-27,43215,(349) 257-5366,M
C00462,Carol,Rivera,carol.rivera462@testmail.org,285-34-5097,2002-07-27,10001,(324) 986-5078,M
C00463,Yara,Owens,yara.owens463@acme.io,855-14-4263,1979-12-25,90210,(733) 881-4415,M
C00464,Mia,Vance,mia.vance464@samplecorp.net,430-30-1691,1997-09-17,90210,(459) 692-5895,F
C00465,Liam,Brown,liam.brown465@acme.io,215-40-8113,1970-01-06,43215,(482) 798-2960,M
C00466,Zane,Harris,zane.harris466@example.com,143-84-8786,1994-10-05,30301,(989) 291-5075,F
C00467,Paul,Carter,paul.carter467@samplecorp.net,877-90-1983,1953-06-21,60601,(918) 749-2759,F
C00468,Paul,Harris,paul.harris468@samplecorp.net,671-92-6690,2001-08-24,77001,(221) 905-7189,M
C00469,Xavier,Evans,xavier.evans469@samplecorp.net,140-72-8168,1985-05-18,15201,(701) 394-4057,X
C00470,Liam,Klein,liam.klein470@testmail.org,381-86-3627,1954-09-05,33101,(502) 469-9873,M
C00471,Olivia,Anderson,olivia.anderson471@testmail.org,851-33-1306,1989-06-25,98101,(444) 528-2037,X
C00472,Rosa,Mitchell,rosa.mitchell472@acme.io,636-97-9151,1999-09-05,98101,(489) 530-7714,X
C00473,Kate,Davis,kate.davis473@example.com,635-94-2092,1952-03-06,55401,(232) 406-2753,M
C00474,Grace,Davis,grace.davis474@example.com,684-92-7366,1992-08-17,98101,(918) 804-5193,F
C00475,Liam,Harris,liam.harris475@example.com,113-36-9051,2003-02-15,43215,(854) 262-6913,X
C00476,Xavier,Nash,xavier.nash476@samplecorp.net,913-17-5355,1983-01-24,90210,(511) 279-4537,X
C00477,David,Davis,david.davis477@acme.io,644-59-4104,1962-09-22,77001,(783) 840-3931,X
C00478,Xavier,Rivera,xavier.rivera478@testmail.org,864-23-6864,1993-08-23,02101,(637) 306-3733,F
C00479,Rosa,Mitchell,rosa.mitchell479@samplecorp.net,773-30-9747,1988-08-12,80202,(522) 763-6319,M
C00480,Noah,Zhang,noah.zhang480@testmail.org,945-51-4943,1986-09-07,20001,(984) 763-5162,M
C00481,Olivia,Owens,olivia.owens481@testmail.org,100-14-5660,1988-01-17,60601,(509) 206-5920,F
C00482,Grace,Klein,grace.klein482@example.com,890-98-5521,1985-09-18,98101,(785) 358-2544,F
C00483,Olivia,Lopez,olivia.lopez483@acme.io,241-43-7014,1987-04-08,94016,(507) 294-7550,X
C00484,Grace,Young,grace.young484@example.com,840-51-8905,1961-08-27,80202,(906) 919-2562,X
C00485,Uma,Johnson,uma.johnson485@example.com,848-83-7251,1955-01-25,30301,(556) 644-7824,F
C00486,Yara,Harris,yara.harris486@example.com,749-90-7266,1953-05-17,10001,(526) 752-3450,M
C00487,Quinn,Wright,quinn.wright487@acme.io,256-16-7436,1978-10-19,75201,(292) 427-8076,M
C00488,Zane,Mitchell,zane.mitchell488@acme.io,235-53-2352,1980-10-24,10001,(761) 608-5301,F
C00489,Mia,Quinn,mia.quinn489@testmail.org,892-99-3136,1998-03-16,75201,(402) 699-7476,X
C00490,Sam,Green,sam.green490@acme.io,348-19-5362,1999-07-11,02101,(789) 291-2843,X
C00491,Noah,Nash,noah.nash491@samplecorp.net,456-34-6254,1972-10-21,10001,(988) 512-3773,M
C00492,Tara,Owens,tara.owens492@acme.io,551-15-4825,1962-11-12,60601,(975) 945-2405,F
C00493,Xavier,Brown,xavier.brown493@acme.io,735-28-5713,1950-06-23,43215,(313) 512-8373,M
C00494,Alice,Klein,alice.klein494@acme.io,857-78-4471,1963-09-17,43215,(464) 761-8913,X
C00495,Xavier,Evans,xavier.evans495@example.com,485-84-9631,1952-05-06,10001,(490) 405-5444,F
C00496,Olivia,Underwood,olivia.underwood496@example.com,168-59-5445,1992-11-12,55401,(310) 219-5792,X
C00497,Mia,Harris,mia.harris497@testmail.org,620-22-6168,1981-10-18,90210,(390) 403-9202,M
C00498,Rosa,Wright,rosa.wright498@example.com,140-41-9673,1969-06-16,20001,(962) 360-1301,M
C00499,Vince,Lopez,vince.lopez499@samplecorp.net,740-48-4869,1982-05-26,10001,(840) 463-7343,F
C00500,Rosa,Ingram,rosa.ingram500@acme.io,255-53-7436,1992-03-03,15201,(591) 733-4726,M
C00501,Henry,Singh,henry.singh501@acme.io,536-49-6395,1978-09-05,77001,(868) 341-9869,X
C00502,Zane,Green,zane.green502@acme.io,416-98-9582,1958-07-25,60601,(871) 778-3589,M
C00503,Carol,Rivera,carol.rivera503@example.com,288-50-3384,1996-01-25,30301,(623) 621-5970,M
C00504,Xavier,Underwood,xavier.underwood504@samplecorp.net,255-34-2749,1958-03-01,43215,(826) 831-5372,X
C00505,Sam,Thomas,sam.thomas505@acme.io,710-39-4783,1993-01-12,90210,(904) 998-8808,F
C00506,Quinn,Thomas,quinn.thomas506@testmail.org,829-93-7126,1961-07-16,33101,(340) 367-4166,F
C00507,Bob,Nash,bob.nash507@example.com,376-62-4646,1997-11-07,43215,(409) 267-3901,M
C00508,Tara,Patel,tara.patel508@samplecorp.net,987-68-5043,1977-07-25,10001,(822) 952-7232,X
C00509,Kate,Mitchell,kate.mitchell509@example.com,633-23-8399,1979-01-08,75201,(750) 605-1643,X
C00510,Mia,Quinn,mia.quinn510@example.com,294-47-8201,1975-05-25,55401,(492) 672-3727,M
C00511,Jack,Thomas,jack.thomas511@example.com,806-76-3330,1979-11-15,90210,(939) 712-2854,F
C00512,Yara,Singh,yara.singh512@acme.io,502-62-6299,1978-01-06,33101,(804) 929-4308,M
C00513,Carol,Ingram,carol.ingram513@samplecorp.net,808-93-3686,1995-12-04,90210,(316) 923-8362,X
C00514,Liam,Carter,liam.carter514@testmail.org,844-75-3619,1974-09-13,10001,(986) 374-6491,X
C00515,Vince,Evans,vince.evans515@acme.io,989-28-3930,1999-12-02,20001,(515) 516-8311,M
C00516,Uma,Foster,uma.foster516@example.com,234-35-1057,1989-05-01,33101,(709) 710-9904,F
C00517,Tara,Patel,tara.patel517@acme.io,322-85-8794,1979-07-15,90210,(815) 814-1107,F
C00518,Rosa,Ingram,rosa.ingram518@acme.io,150-33-3429,1953-11-12,10001,(348) 233-5889,M
C00519,Carol,Brown,carol.brown519@example.com,526-32-3643,1993-05-20,02101,(908) 916-3906,M
C00520,Xavier,Singh,xavier.singh520@samplecorp.net,136-21-5903,1970-06-13,55401,(269) 976-8001,X
C00521,Carol,Johnson,carol.johnson521@testmail.org,237-25-5496,1971-09-14,75201,(414) 912-4425,X
C00522,Bob,Davis,bob.davis522@example.com,595-98-5705,1977-10-28,30301,(465) 738-6797,F
C00523,Tara,Singh,tara.singh523@testmail.org,632-90-9154,1981-03-20,77001,(925) 497-4171,F
C00524,David,Anderson,david.anderson524@testmail.org,740-25-4396,2001-10-14,20001,(246) 541-6728,X
C00525,Zane,Underwood,zane.underwood525@acme.io,111-91-4296,1994-05-09,43215,(269) 515-5919,X
C00526,Rosa,Klein,rosa.klein526@example.com,216-97-6460,1971-07-24,98101,(830) 229-3877,F
C00527,Kate,Klein,kate.klein527@testmail.org,585-14-3224,1980-03-21,33101,(749) 543-8577,M
C00528,Xavier,Brown,xavier.brown528@samplecorp.net,678-96-6169,1985-09-01,77001,(791) 901-6434,M
C00529,Carol,Evans,carol.evans529@samplecorp.net,960-13-6556,1974-11-18,55401,(369) 784-7382,F
C00530,Tara,Davis,tara.davis530@samplecorp.net,822-50-1518,1967-07-03,33101,(443) 580-8404,M
C00531,Grace,Quinn,grace.quinn531@samplecorp.net,279-24-7131,2000-01-25,77001,(294) 654-9290,F
C00532,Zane,Patel,zane.patel532@acme.io,294-53-8921,1996-09-10,43215,(535) 346-2609,X
C00533,Vince,Evans,vince.evans533@acme.io,841-14-8526,1974-12-28,75201,(318) 204-6095,F
C00534,Vince,Thomas,vince.thomas534@example.com,441-69-1755,1956-09-25,02101,(963) 519-1368,X
C00535,Yara,Johnson,yara.johnson535@acme.io,428-35-4154,1968-05-18,30301,(991) 651-2927,M
C00536,Eve,Foster,eve.foster536@samplecorp.net,217-11-9422,1956-04-18,30301,(762) 526-5440,F
C00537,Wendy,Johnson,wendy.johnson537@acme.io,275-19-6101,1989-06-18,33101,(251) 333-1475,M
C00538,Vince,Brown,vince.brown538@example.com,492-16-2410,1977-07-06,15201,(810) 806-8304,X
C00539,Liam,Johnson,liam.johnson539@samplecorp.net,937-35-9740,1955-08-19,60601,(295) 915-8672,F
C00540,Olivia,Johnson,olivia.johnson540@testmail.org,581-39-4666,1959-10-09,80202,(572) 601-4004,X
C00541,Vince,Klein,vince.klein541@samplecorp.net,564-72-1495,1954-08-04,30301,(690) 672-3798,M
C00542,Yara,Lopez,yara.lopez542@acme.io,620-23-7646,2002-12-26,90210,(533) 769-2162,M
C00543,Rosa,Owens,rosa.owens543@testmail.org,704-62-4908,1989-04-18,60601,(693) 593-2082,M
C00544,Grace,Wright,grace.wright544@testmail.org,903-65-6606,1984-12-08,60601,(878) 885-2276,X
C00545,Wendy,Singh,wendy.singh545@testmail.org,217-85-8584,1970-09-04,55401,(655) 380-6046,M
C00546,Carol,Thomas,carol.thomas546@example.com,801-86-7208,1970-08-21,02101,(262) 292-4565,F
C00547,Sam,Zhang,sam.zhang547@example.com,875-28-3444,1978-09-10,20001,(830) 791-8326,F
C00548,Grace,Vance,grace.vance548@samplecorp.net,406-82-5989,1977-12-12,90210,(796) 208-9362,M
C00549,Eve,Johnson,eve.johnson549@example.com,478-80-1870,1950-12-18,55401,(567) 312-5623,F
C00550,Henry,Nash,henry.nash550@testmail.org,740-50-7271,1975-07-14,75201,(416) 878-3841,M
C00551,Eve,Green,eve.green551@testmail.org,963-56-7835,1959-05-28,02101,(328) 337-1190,F
C00552,Uma,Anderson,uma.anderson552@acme.io,838-72-8155,1958-02-05,02101,(625) 666-7974,X
C00553,Frank,Owens,frank.owens553@testmail.org,665-67-7303,1972-04-06,20001,(819) 207-9161,X
C00554,Henry,Wright,henry.wright554@samplecorp.net,520-79-7012,1952-01-19,33101,(921) 577-2854,X
C00555,Paul,Wright,paul.wright555@example.com,245-77-5578,1979-09-03,75201,(824) 290-5017,M
C00556,Uma,Young,uma.young556@example.com,800-91-9834,2001-10-10,98101,(254) 551-9765,F
C00557,Paul,Owens,paul.owens557@testmail.org,687-52-7897,1972-05-10,60601,(236) 911-5981,X
C00558,Zane,Singh,zane.singh558@samplecorp.net,162-90-8752,1987-03-19,10001,(872) 498-1447,M
C00559,Paul,Carter,paul.carter559@acme.io,617-19-5552,1966-03-20,94016,(481) 463-1232,X
C00560,David,Thomas,david.thomas560@acme.io,705-29-8317,1973-03-09,43215,(917) 441-8944,F
C00561,Zane,Quinn,zane.quinn561@example.com,451-20-3376,1988-03-27,33101,(970) 622-7277,F
C00562,Vince,Owens,vince.owens562@acme.io,315-83-6653,1953-11-09,43215,(318) 253-3745,M
C00563,Mia,Patel,mia.patel563@samplecorp.net,587-78-4828,1974-11-23,20001,(685) 468-3378,X
C00564,Noah,Anderson,noah.anderson564@samplecorp.net,916-67-7258,1993-06-17,02101,(242) 299-9704,X
C00565,Liam,Nash,liam.nash565@samplecorp.net,443-44-5375,2001-02-09,02101,(798) 600-8554,X
C00566,Xavier,Harris,xavier.harris566@acme.io,632-53-3947,1970-09-01,02101,(208) 269-1195,M
C00567,David,Quinn,david.quinn567@example.com,801-67-6759,1964-12-10,94016,(397) 234-1388,X
C00568,Carol,Brown,carol.brown568@acme.io,713-91-2995,1995-02-03,55401,(819) 333-7159,X
C00569,Yara,Underwood,yara.underwood569@acme.io,213-99-4018,1966-05-15,02101,(277) 854-8429,M
C00570,Yara,Nash,yara.nash570@samplecorp.net,363-30-2212,1967-01-13,20001,(540) 261-5230,M
C00571,Frank,Owens,frank.owens571@example.com,603-35-7432,1961-11-16,90210,(347) 753-8065,F
C00572,Tara,Underwood,tara.underwood572@example.com,552-43-2692,1952-02-03,98101,(945) 456-8305,F
C00573,Paul,Evans,paul.evans573@example.com,138-95-7397,1967-03-23,30301,(600) 788-1060,X
C00574,Wendy,Zhang,wendy.zhang574@testmail.org,589-65-7617,2004-12-25,43215,(271) 753-4700,F
C00575,Mia,Wright,mia.wright575@testmail.org,224-82-9770,1972-06-22,94016,(610) 256-2485,M
C00576,Rosa,Klein,rosa.klein576@example.com,961-68-5750,1991-04-06,75201,(240) 593-4129,M
C00577,Wendy,Mitchell,wendy.mitchell577@example.com,745-98-6886,1981-02-21,33101,(952) 394-3292,F
C00578,Grace,Anderson,grace.anderson578@acme.io,600-59-2032,2000-09-21,94016,(711) 746-8361,F
C00579,Bob,Klein,bob.klein579@example.com,445-15-7643,1957-04-26,02101,(883) 735-8509,X
C00580,Rosa,Evans,rosa.evans580@acme.io,173-14-3319,1981-11-01,33101,(833) 246-4976,X
C00581,Uma,Evans,uma.evans581@example.com,276-90-1818,1969-02-15,98101,(374) 805-2047,F
C00582,David,Patel,david.patel582@acme.io,164-35-7983,1971-12-22,20001,(532) 323-9943,F
C00583,Kate,Green,kate.green583@example.com,707-32-6496,1954-02-09,60601,(975) 625-3753,X
C00584,Liam,Rivera,liam.rivera584@acme.io,549-41-1666,1958-02-26,55401,(847) 827-7162,F
C00585,Alice,Patel,alice.patel585@example.com,106-10-3939,1955-12-21,98101,(490) 626-8798,X
C00586,Eve,Green,eve.green586@acme.io,755-44-9570,1978-07-08,60601,(825) 908-1616,X
C00587,Frank,Wright,frank.wright587@testmail.org,726-21-5934,1972-07-01,75201,(441) 396-2925,X
C00588,David,Thomas,david.thomas588@samplecorp.net,983-79-9315,1964-08-25,02101,(875) 413-5528,F
C00589,Grace,Davis,grace.davis589@acme.io,801-70-9151,1961-03-22,80202,(244) 255-6966,M
C00590,Grace,Nash,grace.nash590@samplecorp.net,442-88-8424,1952-02-24,10001,(750) 380-3589,F
C00591,Paul,Quinn,paul.quinn591@example.com,172-40-8287,1987-10-11,20001,(403) 965-6336,F
C00592,Yara,Davis,yara.davis592@samplecorp.net,333-22-4884,1997-07-28,77001,(584) 425-2204,M
C00593,Sam,Patel,sam.patel593@example.com,546-28-4541,1989-08-06,20001,(582) 339-8499,X
C00594,Grace,Underwood,grace.underwood594@samplecorp.net,376-35-6503,1958-01-23,98101,(261) 487-3236,F
C00595,Olivia,Owens,olivia.owens595@testmail.org,275-53-4602,1968-10-06,43215,(853) 826-3784,X
C00596,Rosa,Harris,rosa.harris596@example.com,521-76-9015,2005-04-19,33101,(673) 485-1237,X
C00597,Noah,Young,noah.young597@acme.io,353-51-8114,1987-04-19,60601,(787) 205-7844,F
C00598,Bob,Patel,bob.patel598@example.com,535-77-7460,1980-12-27,90210,(663) 707-4940,F
C00599,Rosa,Zhang,rosa.zhang599@example.com,809-62-4571,1958-06-10,77001,(863) 292-1260,M
C00600,Vince,Johnson,vince.johnson600@acme.io,820-68-1399,1979-08-25,60601,(920) 615-4030,M
C00601,Uma,Owens,uma.owens601@example.com,981-90-2158,1974-12-11,75201,(233) 503-7977,M
C00602,Wendy,Thomas,wendy.thomas602@acme.io,906-97-2326,1989-06-24,80202,(256) 727-6963,F
C00603,David,Mitchell,david.mitchell603@samplecorp.net,576-89-1669,1973-06-06,02101,(772) 921-2097,X
C00604,Wendy,Zhang,wendy.zhang604@acme.io,241-52-4909,1984-02-21,33101,(955) 970-4437,X
C00605,Yara,Harris,yara.harris605@samplecorp.net,461-44-9250,1993-07-09,10001,(264) 581-6656,M
C00606,Paul,Quinn,paul.quinn606@example.com,581-78-9730,1968-08-20,30301,(889) 909-2075,F
C00607,Olivia,Carter,olivia.carter607@example.com,500-32-5724,1954-02-06,94016,(314) 913-3424,M
C00608,Eve,Green,eve.green608@example.com,400-63-9870,1958-08-12,20001,(654) 955-1351,M
C00609,Grace,Carter,grace.carter609@example.com,992-39-9513,1991-06-14,98101,(551) 871-6346,M
C00610,Sam,Vance,sam.vance610@testmail.org,568-48-3161,2000-05-06,43215,(466) 432-8933,M
C00611,Jack,Zhang,jack.zhang611@example.com,251-55-5659,1979-03-20,80202,(364) 928-9770,M
C00612,Frank,Foster,frank.foster612@acme.io,265-40-2915,1952-06-19,60601,(651) 466-7056,F
C00613,Grace,Rivera,grace.rivera613@example.com,781-50-6633,1959-06-15,75201,(366) 746-5940,F
C00614,Alice,Mitchell,alice.mitchell614@testmail.org,886-28-8504,1970-03-01,15201,(759) 719-6427,X
C00615,Wendy,Johnson,wendy.johnson615@testmail.org,396-83-3409,2001-10-24,80202,(652) 546-2840,X
C00616,Paul,Brown,paul.brown616@acme.io,794-80-2914,1969-01-13,98101,(425) 656-6855,F
C00617,Kate,Brown,kate.brown617@acme.io,697-77-4639,2000-05-07,10001,(285) 751-8298,X
C00618,Vince,Carter,vince.carter618@testmail.org,299-72-6206,1988-10-17,10001,(882) 569-7513,F
C00619,Wendy,Nash,wendy.nash619@samplecorp.net,495-57-1199,1968-06-12,94016,(656) 774-2435,F
C00620,Xavier,Owens,xavier.owens620@testmail.org,922-66-5728,1960-12-14,15201,(624) 342-2410,F
C00621,Grace,Johnson,grace.johnson621@testmail.org,988-77-6495,1954-10-25,20001,(290) 206-7708,X
C00622,Iris,Nash,iris.nash622@acme.io,669-69-3243,1962-03-27,20001,(496) 767-9037,F
C00623,Jack,Singh,jack.singh623@samplecorp.net,605-81-8593,1964-01-26,10001,(357) 468-5917,X
C00624,Uma,Patel,uma.patel624@example.com,769-95-5713,1976-03-16,80202,(904) 860-5009,F
C00625,David,Zhang,david.zhang625@samplecorp.net,604-18-6927,1987-08-19,20001,(464) 843-8799,X
C00626,David,Lopez,david.lopez626@example.com,965-43-3668,1987-01-05,30301,(672) 909-3219,M
C00627,Frank,Brown,frank.brown627@samplecorp.net,469-63-6832,1953-05-10,75201,(854) 278-9419,F
C00628,Yara,Underwood,yara.underwood628@acme.io,883-22-3738,1984-06-28,30301,(901) 508-5447,X
C00629,Wendy,Wright,wendy.wright629@samplecorp.net,198-78-6761,2002-03-01,60601,(730) 488-7111,M
C00630,Noah,Klein,noah.klein630@acme.io,204-37-3532,1982-04-27,77001,(772) 828-9612,X
C00631,Wendy,Rivera,wendy.rivera631@example.com,527-68-2251,1957-03-01,33101,(556) 519-6940,F
C00632,Olivia,Thomas,olivia.thomas632@samplecorp.net,276-48-1471,1997-02-08,60601,(910) 345-4712,M
C00633,Eve,Green,eve.green633@acme.io,180-64-2830,1954-01-25,33101,(975) 641-1696,F
C00634,David,Brown,david.brown634@example.com,580-25-5145,1952-02-10,02101,(210) 972-2581,F
C00635,Tara,Green,tara.green635@acme.io,289-95-6759,1951-02-05,55401,(964) 484-6698,M
C00636,Frank,Quinn,frank.quinn636@acme.io,617-82-2119,1956-10-25,10001,(741) 422-4138,M
C00637,Frank,Zhang,frank.zhang637@example.com,842-22-4506,1982-12-16,30301,(914) 803-4033,M
C00638,Vince,Davis,vince.davis638@acme.io,954-55-7219,1977-04-17,77001,(617) 315-6149,F
C00639,Olivia,Davis,olivia.davis639@acme.io,607-56-5723,1985-12-02,90210,(535) 705-2895,M
C00640,Jack,Owens,jack.owens640@samplecorp.net,803-66-4700,1985-07-10,55401,(638) 393-2140,M
C00641,Vince,Lopez,vince.lopez641@acme.io,113-96-9055,1993-02-13,33101,(735) 874-2392,F
C00642,Eve,Mitchell,eve.mitchell642@testmail.org,811-85-2666,1997-03-03,30301,(403) 546-4281,X
C00643,Mia,Davis,mia.davis643@acme.io,958-64-9177,1967-12-25,98101,(807) 479-7557,M
C00644,Paul,Vance,paul.vance644@testmail.org,596-75-5569,1959-08-04,90210,(456) 701-9147,F
C00645,Uma,Evans,uma.evans645@example.com,201-16-2117,1981-11-01,60601,(591) 819-6356,F
C00646,Jack,Thomas,jack.thomas646@example.com,878-19-9518,1999-08-26,33101,(406) 500-9157,M
C00647,Quinn,Ingram,quinn.ingram647@samplecorp.net,928-79-9955,1951-01-14,80202,(321) 592-8374,M
C00648,Mia,Owens,mia.owens648@testmail.org,136-14-3897,1985-11-28,43215,(510) 923-3689,M
C00649,Noah,Evans,noah.evans649@samplecorp.net,832-59-8986,1998-02-19,02101,(702) 875-9837,X
C00650,Paul,Patel,paul.patel650@acme.io,618-17-7412,1966-08-19,20001,(831) 892-6779,M
C00651,Kate,Brown,kate.brown651@example.com,704-15-3100,2003-06-12,43215,(959) 797-1440,X
C00652,Kate,Mitchell,kate.mitchell652@example.com,538-54-6855,1976-06-02,02101,(450) 453-4844,X
C00653,Jack,Singh,jack.singh653@example.com,804-18-5995,1957-06-06,10001,(751) 533-1612,M
C00654,Vince,Nash,vince.nash654@testmail.org,373-12-8695,1987-01-11,20001,(784) 599-6282,X
C00655,David,Patel,david.patel655@example.com,807-96-4373,1971-08-17,43215,(983) 883-6563,F
C00656,Tara,Johnson,tara.johnson656@samplecorp.net,546-35-9142,1990-02-27,55401,(748) 419-5708,M
C00657,Bob,Johnson,bob.johnson657@testmail.org,923-38-2506,1995-10-04,98101,(544) 479-2102,X
C00658,Zane,Quinn,zane.quinn658@testmail.org,537-36-6690,2000-02-21,55401,(509) 716-5913,M
C00659,Vince,Rivera,vince.rivera659@samplecorp.net,304-63-7591,1966-10-17,33101,(887) 981-9971,F
C00660,Alice,Underwood,alice.underwood660@acme.io,690-73-4489,1992-12-15,94016,(853) 745-8106,X
C00661,Xavier,Underwood,xavier.underwood661@example.com,634-35-6968,1979-03-08,60601,(964) 901-5919,M
C00662,Noah,Klein,noah.klein662@example.com,749-36-7757,1967-05-21,60601,(462) 903-4868,M
C00663,Henry,Davis,henry.davis663@acme.io,296-13-5023,2001-05-15,33101,(773) 646-7914,X
C00664,Bob,Green,bob.green664@acme.io,379-27-1477,1966-05-22,75201,(380) 859-1691,X
C00665,Paul,Anderson,paul.anderson665@example.com,980-20-6143,1988-05-28,90210,(616) 572-2479,M
C00666,Xavier,Evans,xavier.evans666@acme.io,214-83-9196,1957-09-22,55401,(794) 993-9605,M
C00667,Paul,Carter,paul.carter667@acme.io,714-25-6134,1971-10-24,20001,(966) 961-4865,M
C00668,Grace,Evans,grace.evans668@example.com,279-37-5498,1978-07-09,55401,(803) 257-9034,X
C00669,Liam,Wright,liam.wright669@example.com,424-79-7943,1980-11-08,94016,(348) 571-8786,X
C00670,Liam,Johnson,liam.johnson670@example.com,760-87-1570,2003-12-22,43215,(255) 907-4926,M
C00671,Rosa,Mitchell,rosa.mitchell671@samplecorp.net,754-99-6945,2001-11-04,75201,(442) 653-7364,F
C00672,Mia,Ingram,mia.ingram672@samplecorp.net,192-40-5872,1963-03-15,02101,(524) 985-7656,F
C00673,Iris,Carter,iris.carter673@testmail.org,582-62-6451,1995-07-27,90210,(364) 915-5275,X
C00674,Carol,Lopez,carol.lopez674@testmail.org,716-80-6353,1979-12-01,43215,(253) 856-4010,X
C00675,Olivia,Underwood,olivia.underwood675@acme.io,103-61-4278,1990-05-11,98101,(284) 313-3585,F
C00676,Quinn,Wright,quinn.wright676@acme.io,967-86-7722,2000-06-15,33101,(952) 336-5270,F
C00677,Vince,Singh,vince.singh677@samplecorp.net,918-46-4254,1955-07-12,60601,(602) 586-4677,F
C00678,Alice,Rivera,alice.rivera678@acme.io,191-69-4248,1966-12-28,60601,(250) 610-8027,X
C00679,Iris,Evans,iris.evans679@example.com,476-31-2922,1950-12-17,20001,(991) 664-9096,F
C00680,Henry,Wright,henry.wright680@acme.io,295-44-5717,1997-08-13,60601,(641) 411-4531,M
C00681,Xavier,Vance,xavier.vance681@acme.io,528-33-7693,2000-03-01,94016,(468) 441-8388,F
C00682,Liam,Singh,liam.singh682@testmail.org,187-11-8682,1958-06-23,20001,(903) 417-7283,X
C00683,Noah,Young,noah.young683@samplecorp.net,174-22-1962,1953-06-08,33101,(562) 820-1745,F
C00684,Iris,Quinn,iris.quinn684@testmail.org,409-60-7076,1958-09-02,98101,(383) 466-3783,X
C00685,Paul,Klein,paul.klein685@testmail.org,235-21-6198,1995-09-14,60601,(466) 319-6132,F
C00686,Eve,Patel,eve.patel686@samplecorp.net,865-56-8046,1968-05-20,55401,(979) 470-9470,M
C00687,Noah,Foster,noah.foster687@samplecorp.net,854-72-3478,1985-11-21,43215,(650) 254-4095,F
C00688,Bob,Harris,bob.harris688@acme.io,136-70-5263,1960-12-15,20001,(318) 706-1668,M
C00689,Liam,Wright,liam.wright689@testmail.org,568-73-2843,2004-12-28,60601,(326) 557-2533,F
C00690,Jack,Foster,jack.foster690@acme.io,867-75-5469,1986-11-19,77001,(797) 204-9618,X
C00691,Frank,Nash,frank.nash691@example.com,352-73-2545,1971-01-10,02101,(896) 324-7458,M
C00692,Sam,Davis,sam.davis692@samplecorp.net,257-13-2328,1979-12-22,33101,(664) 843-5412,X
C00693,Vince,Anderson,vince.anderson693@samplecorp.net,144-93-8423,1970-12-24,80202,(782) 332-4463,F
C00694,Zane,Underwood,zane.underwood694@samplecorp.net,430-17-2158,1985-10-13,90210,(608) 461-3916,F
C00695,Yara,Mitchell,yara.mitchell695@example.com,121-36-3669,1974-07-10,02101,(970) 869-3525,F
C00696,Jack,Patel,jack.patel696@testmail.org,853-49-3151,1972-11-04,55401,(576) 724-4274,M
C00697,Olivia,Mitchell,olivia.mitchell697@testmail.org,374-82-7931,1955-07-26,30301,(828) 390-8112,X
C00698,Noah,Carter,noah.carter698@example.com,625-53-8594,1993-04-21,02101,(930) 358-9115,X
C00699,Uma,Underwood,uma.underwood699@example.com,397-69-8165,1955-08-10,60601,(330) 900-5921,F
C00700,Quinn,Nash,quinn.nash700@samplecorp.net,682-16-2253,1952-09-04,75201,(635) 622-2548,M
C00701,Vince,Young,vince.young701@samplecorp.net,463-42-2339,1999-09-01,90210,(958) 877-8583,F
C00702,Zane,Foster,zane.foster702@testmail.org,146-20-7819,1995-05-11,98101,(941) 665-8371,X
C00703,Zane,Ingram,zane.ingram703@samplecorp.net,992-33-4458,1961-02-24,98101,(465) 889-2742,M
C00704,Rosa,Anderson,rosa.anderson704@example.com,504-24-1217,1960-11-16,33101,(908) 614-8974,M
C00705,Tara,Thomas,tara.thomas705@samplecorp.net,807-96-7471,2001-05-03,60601,(338) 214-4126,F
C00706,Alice,Wright,alice.wright706@acme.io,979-13-4428,1980-11-05,02101,(447) 646-9824,F
C00707,Carol,Johnson,carol.johnson707@testmail.org,251-70-7912,1951-02-06,80202,(356) 956-8295,M
C00708,Paul,Anderson,paul.anderson708@testmail.org,699-41-4298,1968-10-27,55401,(601) 252-6469,F
C00709,David,Underwood,david.underwood709@testmail.org,525-73-5764,1952-08-13,33101,(725) 805-8993,F
C00710,Wendy,Brown,wendy.brown710@example.com,532-83-6174,1985-02-09,80202,(863) 627-8755,F
C00711,Paul,Thomas,paul.thomas711@samplecorp.net,559-99-8147,1951-03-10,15201,(396) 680-6633,M
C00712,Henry,Quinn,henry.quinn712@acme.io,701-97-6556,1988-12-22,33101,(334) 500-7395,M
C00713,Vince,Underwood,vince.underwood713@samplecorp.net,915-70-3654,1989-04-10,15201,(967) 288-8911,F
C00714,Frank,Green,frank.green714@acme.io,720-72-2653,2000-07-16,94016,(440) 414-1770,F
C00715,Liam,Ingram,liam.ingram715@samplecorp.net,793-30-3862,2002-09-02,43215,(265) 545-8055,F
C00716,Tara,Harris,tara.harris716@example.com,675-38-8968,1966-06-26,30301,(987) 247-5382,F
C00717,Wendy,Quinn,wendy.quinn717@example.com,823-16-8173,2001-08-27,43215,(313) 308-2669,X
C00718,Bob,Quinn,bob.quinn718@example.com,271-90-2934,2005-04-12,60601,(945) 499-8233,X
C00719,Paul,Young,paul.young719@example.com,257-92-6959,1971-03-04,55401,(406) 649-7811,F
C00720,Henry,Patel,henry.patel720@samplecorp.net,393-74-3805,1955-05-12,15201,(972) 624-6908,X
C00721,Vince,Harris,vince.harris721@acme.io,871-77-7909,2000-04-05,43215,(639) 623-7706,M
C00722,Quinn,Vance,quinn.vance722@samplecorp.net,130-66-3385,1999-01-23,43215,(729) 271-2389,M
C00723,Kate,Mitchell,kate.mitchell723@acme.io,544-17-7443,1998-01-22,80202,(856) 354-1947,X
C00724,Wendy,Vance,wendy.vance724@samplecorp.net,529-61-5986,1996-12-11,80202,(552) 208-5583,X
C00725,Tara,Evans,tara.evans725@testmail.org,556-92-4360,1984-10-26,98101,(867) 652-6656,X
C00726,Mia,Zhang,mia.zhang726@acme.io,408-20-1605,1984-06-13,15201,(936) 957-3064,X
C00727,Rosa,Johnson,rosa.johnson727@acme.io,195-75-6115,1983-06-25,02101,(363) 223-1456,X
C00728,Sam,Ingram,sam.ingram728@acme.io,952-48-7926,1982-02-24,10001,(581) 465-9314,M
C00729,David,Brown,david.brown729@example.com,559-48-1085,1979-06-08,43215,(963) 795-9737,X
C00730,Henry,Lopez,henry.lopez730@samplecorp.net,391-95-3293,1995-07-17,15201,(453) 307-6371,X
C00731,Sam,Green,sam.green731@samplecorp.net,565-22-3401,1995-07-27,20001,(283) 294-2018,M
C00732,Eve,Patel,eve.patel732@acme.io,556-19-7050,1993-09-13,98101,(772) 731-7468,M
C00733,Sam,Patel,sam.patel733@testmail.org,550-98-9020,1996-07-27,60601,(347) 717-3082,M
C00734,Wendy,Owens,wendy.owens734@acme.io,821-75-9669,1957-12-07,33101,(684) 233-3569,X
C00735,Liam,Davis,liam.davis735@testmail.org,212-25-7055,1986-05-02,75201,(356) 320-7086,M
C00736,Liam,Johnson,liam.johnson736@samplecorp.net,597-13-3340,1959-10-14,10001,(512) 490-4532,F
C00737,Xavier,Patel,xavier.patel737@example.com,225-80-6712,1954-01-14,33101,(786) 517-8411,M
C00738,Zane,Mitchell,zane.mitchell738@testmail.org,954-87-3175,1998-03-17,02101,(671) 979-8371,X
C00739,Olivia,Evans,olivia.evans739@samplecorp.net,191-89-7711,1974-04-13,30301,(753) 246-8259,X
C00740,Iris,Underwood,iris.underwood740@example.com,986-31-1406,1986-11-26,43215,(924) 516-3028,X
C00741,Rosa,Carter,rosa.carter741@acme.io,733-79-1866,1986-09-07,43215,(687) 714-1305,F
C00742,Vince,Rivera,vince.rivera742@acme.io,119-45-4371,1965-12-27,80202,(793) 654-2386,X
C00743,Tara,Klein,tara.klein743@testmail.org,703-15-9052,2005-01-11,20001,(384) 624-1394,X
C00744,Kate,Mitchell,kate.mitchell744@samplecorp.net,193-24-2627,1984-03-10,60601,(387) 461-2468,F
C00745,Jack,Nash,jack.nash745@acme.io,160-88-6329,1961-01-23,10001,(505) 599-2617,M
C00746,Eve,Nash,eve.nash746@samplecorp.net,364-58-2981,1953-04-08,43215,(811) 800-4874,M
C00747,Quinn,Zhang,quinn.zhang747@testmail.org,217-44-1993,1970-08-18,20001,(267) 695-1473,M
C00748,Uma,Harris,uma.harris748@example.com,375-80-2663,1965-09-21,43215,(328) 511-7664,M
C00749,Carol,Underwood,carol.underwood749@acme.io,901-28-7116,1984-03-26,77001,(750) 633-8401,F
C00750,Alice,Owens,alice.owens750@samplecorp.net,768-31-1008,1953-08-09,98101,(456) 896-7228,M
C00751,Uma,Green,uma.green751@samplecorp.net,146-30-9750,1986-02-10,90210,(604) 915-3014,F
C00752,Xavier,Rivera,xavier.rivera752@samplecorp.net,999-65-4454,1989-09-26,30301,(898) 550-5282,X
C00753,Olivia,Ingram,olivia.ingram753@acme.io,778-51-6597,1963-08-20,30301,(216) 908-3190,X
C00754,Alice,Thomas,alice.thomas754@testmail.org,104-11-3843,1976-09-23,15201,(700) 980-7435,X
C00755,Carol,Underwood,carol.underwood755@example.com,651-13-8293,1993-02-12,55401,(585) 815-6864,M
C00756,Frank,Zhang,frank.zhang756@example.com,227-69-7069,1962-08-01,77001,(960) 220-5606,X
C00757,Wendy,Lopez,wendy.lopez757@acme.io,192-88-5967,2001-12-08,77001,(705) 571-1602,M
C00758,Paul,Wright,paul.wright758@acme.io,107-35-7489,1957-05-19,75201,(705) 374-4174,X
C00759,Xavier,Singh,xavier.singh759@acme.io,166-85-3101,1997-02-05,94016,(783) 433-9570,X
C00760,Zane,Ingram,zane.ingram760@acme.io,968-96-1378,1994-11-18,98101,(458) 897-8437,F
C00761,Noah,Underwood,noah.underwood761@example.com,974-51-8086,2004-07-09,90210,(896) 730-8644,M
C00762,Liam,Quinn,liam.quinn762@example.com,838-38-1769,1967-07-18,33101,(523) 205-7420,F
C00763,Kate,Carter,kate.carter763@example.com,855-38-7943,1954-04-07,60601,(537) 518-2029,X
C00764,Uma,Davis,uma.davis764@example.com,591-65-1393,1987-11-11,55401,(456) 453-2766,M
C00765,Henry,Klein,henry.klein765@example.com,941-52-9514,2000-04-03,43215,(814) 834-8184,F
C00766,Uma,Owens,uma.owens766@example.com,187-17-1546,1974-06-28,15201,(266) 330-2015,M
C00767,Bob,Johnson,bob.johnson767@testmail.org,167-23-1914,1985-01-10,55401,(590) 611-2570,X
C00768,Yara,Nash,yara.nash768@acme.io,985-86-1173,1979-07-15,43215,(638) 835-2659,M
C00769,Uma,Vance,uma.vance769@example.com,564-76-6377,1987-04-04,90210,(212) 809-2106,X
C00770,Zane,Green,zane.green770@acme.io,752-75-5198,1972-07-16,15201,(835) 655-4046,F
C00771,Eve,Brown,eve.brown771@example.com,230-49-8140,1982-11-25,30301,(518) 797-9866,F
C00772,Eve,Patel,eve.patel772@samplecorp.net,717-53-5768,1973-01-17,98101,(873) 894-3369,F
C00773,Henry,Quinn,henry.quinn773@example.com,532-54-4201,1962-11-07,43215,(270) 549-4102,X
C00774,Paul,Wright,paul.wright774@testmail.org,714-98-6425,2004-10-19,30301,(830) 506-7859,M
C00775,Frank,Davis,frank.davis775@testmail.org,997-15-9125,1964-01-21,77001,(909) 435-8643,X
C00776,Grace,Harris,grace.harris776@testmail.org,852-52-7158,1963-07-06,55401,(206) 571-1162,F
C00777,Liam,Anderson,liam.anderson777@example.com,245-47-8215,1962-11-19,80202,(983) 568-1719,F
C00778,Grace,Green,grace.green778@samplecorp.net,278-38-5292,1996-03-11,55401,(767) 451-3925,F
C00779,Alice,Foster,alice.foster779@samplecorp.net,203-12-3248,1974-11-26,80202,(313) 546-4444,M
C00780,Olivia,Harris,olivia.harris780@samplecorp.net,928-57-3807,1983-10-14,80202,(928) 266-2941,F
C00781,Eve,Green,eve.green781@acme.io,645-58-7131,1970-10-14,02101,(450) 247-4098,X
C00782,Jack,Evans,jack.evans782@samplecorp.net,353-16-5588,2005-03-28,75201,(798) 700-4428,X
C00783,Carol,Patel,carol.patel783@example.com,271-75-7358,1998-11-25,75201,(583) 710-9501,M
C00784,Frank,Klein,frank.klein784@samplecorp.net,638-98-8918,1995-08-16,94016,(795) 610-1599,F
C00785,Henry,Green,henry.green785@testmail.org,983-40-7486,1963-05-14,80202,(586) 785-3575,M
C00786,Iris,Rivera,iris.rivera786@example.com,237-20-5834,1978-09-12,77001,(797) 242-8622,X
C00787,Tara,Klein,tara.klein787@testmail.org,561-69-8086,1976-06-26,33101,(524) 479-7264,F
C00788,Frank,Owens,frank.owens788@acme.io,371-92-2243,1972-02-10,55401,(713) 725-9956,X
C00789,Carol,Ingram,carol.ingram789@acme.io,200-25-2168,1973-01-18,77001,(541) 401-6394,M
C00790,Jack,Young,jack.young790@samplecorp.net,295-87-3258,2004-12-24,75201,(467) 208-5906,M
C00791,Liam,Mitchell,liam.mitchell791@testmail.org,941-84-1194,1980-11-17,43215,(352) 607-4728,F
C00792,Xavier,Young,xavier.young792@acme.io,585-39-9451,1987-09-25,33101,(939) 672-6581,F
C00793,Kate,Green,kate.green793@testmail.org,888-99-7843,1963-08-15,55401,(771) 230-7139,F
C00794,Sam,Evans,sam.evans794@samplecorp.net,855-11-9188,2001-11-27,30301,(547) 430-7867,M
C00795,Vince,Zhang,vince.zhang795@testmail.org,881-98-9808,1969-06-19,10001,(781) 232-3279,F
C00796,Kate,Singh,kate.singh796@testmail.org,490-36-7400,1954-09-13,77001,(686) 311-6387,X
C00797,Olivia,Underwood,olivia.underwood797@samplecorp.net,195-31-2709,1993-09-06,10001,(905) 817-9005,F
C00798,Frank,Green,frank.green798@example.com,495-46-4373,1964-05-22,75201,(271) 665-1941,M
C00799,Quinn,Anderson,quinn.anderson799@acme.io,434-62-7407,1960-02-05,75201,(628) 689-2126,M
C00800,Grace,Evans,grace.evans800@acme.io,417-65-8778,1960-10-19,94016,(801) 407-9232,X
C00801,Vince,Owens,vince.owens801@samplecorp.net,306-10-3337,1978-02-27,20001,(819) 452-9615,M
C00802,Sam,Patel,sam.patel802@testmail.org,573-83-1640,1997-02-10,02101,(667) 555-5873,M
C00803,Tara,Foster,tara.foster803@testmail.org,355-32-8079,1979-07-22,60601,(915) 782-2565,M
C00804,Wendy,Brown,wendy.brown804@acme.io,991-30-5485,1990-09-10,02101,(268) 914-4559,M
C00805,Noah,Zhang,noah.zhang805@example.com,477-19-2723,1982-06-14,33101,(368) 458-4397,X
C00806,Bob,Owens,bob.owens806@example.com,174-91-8567,1974-06-24,20001,(399) 606-1618,F
C00807,Iris,Davis,iris.davis807@acme.io,434-95-8606,1981-08-03,90210,(761) 872-4969,X
C00808,Olivia,Evans,olivia.evans808@testmail.org,940-45-3643,1960-01-20,90210,(381) 501-3034,X
C00809,Xavier,Mitchell,xavier.mitchell809@acme.io,179-95-1183,1993-05-05,33101,(566) 382-4549,X
C00810,Bob,Vance,bob.vance810@acme.io,552-99-1782,2003-11-26,75201,(856) 878-2684,M
C00811,Wendy,Johnson,wendy.johnson811@testmail.org,153-86-1076,1953-07-25,77001,(455) 583-4908,F
C00812,Carol,Anderson,carol.anderson812@testmail.org,128-11-6523,2002-04-22,02101,(264) 425-2582,X
C00813,Frank,Young,frank.young813@acme.io,145-63-9396,1956-06-11,75201,(841) 394-4393,X
C00814,Mia,Nash,mia.nash814@example.com,337-37-2734,1972-06-06,10001,(611) 869-6181,F
C00815,Mia,Green,mia.green815@testmail.org,325-18-5562,1991-10-12,10001,(268) 423-7735,M
C00816,Yara,Thomas,yara.thomas816@testmail.org,204-78-3809,1966-02-20,30301,(846) 913-7366,X
C00817,Yara,Wright,yara.wright817@acme.io,440-32-6209,2004-11-16,90210,(543) 218-8354,M
C00818,Quinn,Underwood,quinn.underwood818@acme.io,615-85-1217,1964-01-20,43215,(327) 516-4873,X
C00819,Noah,Zhang,noah.zhang819@acme.io,734-20-1981,1958-06-16,94016,(406) 355-7156,F
C00820,Uma,Brown,uma.brown820@acme.io,842-86-8270,1997-06-05,94016,(525) 859-1648,X
C00821,Zane,Nash,zane.nash821@samplecorp.net,868-13-4752,2004-12-11,30301,(448) 410-9836,F
C00822,Vince,Harris,vince.harris822@acme.io,722-58-9543,1970-03-15,02101,(206) 266-9055,F
C00823,Grace,Brown,grace.brown823@acme.io,309-26-2503,1961-10-18,55401,(409) 441-9313,F
C00824,Noah,Young,noah.young824@testmail.org,418-31-4236,1965-07-06,98101,(454) 510-5675,X
C00825,Olivia,Underwood,olivia.underwood825@acme.io,378-71-2310,1973-07-13,60601,(682) 651-7925,X
C00826,Tara,Young,tara.young826@testmail.org,878-29-8897,1951-07-14,55401,(285) 977-5918,X
C00827,Rosa,Evans,rosa.evans827@acme.io,363-58-8596,1969-08-10,20001,(775) 820-8878,F
C00828,Kate,Evans,kate.evans828@testmail.org,300-29-4106,1950-01-28,75201,(947) 942-7131,M
C00829,Mia,Nash,mia.nash829@testmail.org,860-57-7292,1981-05-21,98101,(272) 618-1636,F
C00830,Mia,Singh,mia.singh830@acme.io,298-65-5182,1999-12-12,75201,(926) 700-7032,X
C00831,Bob,Underwood,bob.underwood831@testmail.org,534-41-4970,1980-01-27,30301,(846) 923-1462,X
C00832,Vince,Underwood,vince.underwood832@acme.io,367-87-8462,1993-03-09,77001,(816) 792-3644,F
C00833,David,Zhang,david.zhang833@example.com,759-59-7515,1995-10-03,75201,(393) 633-3716,M
C00834,Iris,Wright,iris.wright834@samplecorp.net,612-78-7271,1987-05-24,20001,(970) 945-2456,F
C00835,Uma,Singh,uma.singh835@samplecorp.net,933-28-5407,1997-04-24,20001,(915) 515-1105,F
C00836,Paul,Anderson,paul.anderson836@example.com,171-99-7845,1983-07-21,94016,(950) 641-3795,F
C00837,Liam,Foster,liam.foster837@acme.io,302-72-3981,1982-02-15,98101,(417) 390-4292,F
C00838,Xavier,Foster,xavier.foster838@acme.io,365-62-8220,1990-10-04,55401,(851) 370-2307,M
C00839,Carol,Mitchell,carol.mitchell839@example.com,383-18-6605,1951-10-08,33101,(696) 888-2651,F
C00840,Bob,Ingram,bob.ingram840@example.com,781-84-1685,1956-04-17,43215,(207) 584-9520,M
C00841,Paul,Patel,paul.patel841@samplecorp.net,718-64-6514,1973-11-11,30301,(445) 569-7528,M
C00842,Tara,Brown,tara.brown842@samplecorp.net,994-52-2641,1950-08-28,15201,(611) 942-3275,F
C00843,Tara,Davis,tara.davis843@samplecorp.net,816-41-7036,1978-10-22,02101,(686) 727-7768,X
C00844,Grace,Anderson,grace.anderson844@samplecorp.net,117-91-6901,2005-01-26,15201,(533) 894-8279,F
C00845,Tara,Patel,tara.patel845@testmail.org,856-88-2333,1972-07-16,02101,(916) 302-7305,M
C00846,Tara,Green,tara.green846@acme.io,990-76-9267,1952-03-16,43215,(289) 508-9990,M
C00847,Frank,Owens,frank.owens847@example.com,593-94-9858,1965-04-07,60601,(971) 875-2465,F
C00848,Noah,Wright,noah.wright848@example.com,264-51-7283,1999-05-08,15201,(463) 881-8803,X
C00849,David,Vance,david.vance849@acme.io,647-91-9060,1955-12-11,55401,(429) 789-2059,X
C00850,Kate,Mitchell,kate.mitchell850@testmail.org,769-92-8159,2001-04-08,94016,(318) 497-2436,F
C00851,Carol,Klein,carol.klein851@acme.io,862-24-7025,1958-06-13,98101,(954) 201-6092,F
C00852,Sam,Rivera,sam.rivera852@acme.io,967-59-7941,1970-06-26,02101,(329) 732-4639,F
C00853,Mia,Anderson,mia.anderson853@testmail.org,423-28-5863,2003-04-16,02101,(666) 350-5643,F
C00854,Xavier,Vance,xavier.vance854@example.com,713-50-6060,1982-12-04,94016,(923) 787-8836,X
C00855,Grace,Patel,grace.patel855@samplecorp.net,821-58-1963,2001-06-05,55401,(933) 415-4687,X
C00856,Xavier,Brown,xavier.brown856@acme.io,977-72-7419,1969-11-28,60601,(222) 761-7427,M
C00857,Noah,Vance,noah.vance857@testmail.org,456-60-7407,1954-09-24,94016,(489) 913-4196,X
C00858,Rosa,Mitchell,rosa.mitchell858@example.com,234-51-1886,2004-12-10,33101,(870) 367-3253,M
C00859,Wendy,Patel,wendy.patel859@samplecorp.net,248-36-4573,2001-12-07,15201,(866) 209-6934,X
C00860,Sam,Davis,sam.davis860@acme.io,485-64-3756,1953-02-12,33101,(383) 253-2922,X
C00861,Uma,Klein,uma.klein861@testmail.org,252-90-7619,1965-01-04,77001,(606) 700-5959,X
C00862,Tara,Foster,tara.foster862@testmail.org,894-98-2468,1999-08-28,55401,(865) 591-5509,X
C00863,Uma,Owens,uma.owens863@samplecorp.net,111-25-2910,1955-02-16,02101,(884) 721-4685,F
C00864,Sam,Singh,sam.singh864@testmail.org,380-98-2549,2000-10-06,20001,(695) 860-8105,M
C00865,Sam,Evans,sam.evans865@example.com,433-18-9806,1961-07-27,15201,(220) 603-9788,X
C00866,Paul,Carter,paul.carter866@example.com,871-36-2922,1961-10-23,60601,(205) 768-8327,M
C00867,David,Brown,david.brown867@acme.io,688-36-3641,1955-09-09,55401,(971) 235-2386,F
C00868,Quinn,Johnson,quinn.johnson868@samplecorp.net,657-31-7931,1992-01-08,94016,(247) 731-5807,X
C00869,Rosa,Owens,rosa.owens869@acme.io,690-72-6127,1983-06-20,75201,(722) 414-2622,X
C00870,Bob,Harris,bob.harris870@example.com,292-28-5910,2004-04-05,98101,(765) 421-6882,M
C00871,Eve,Young,eve.young871@testmail.org,176-80-5177,1966-07-21,80202,(367) 609-8472,F
C00872,Iris,Vance,iris.vance872@testmail.org,811-28-9780,1963-02-21,15201,(475) 848-4156,X
C00873,Liam,Singh,liam.singh873@acme.io,529-29-6183,2000-07-13,10001,(818) 453-2270,M
C00874,David,Rivera,david.rivera874@example.com,800-80-7664,1954-06-21,90210,(571) 541-5476,F
C00875,Zane,Harris,zane.harris875@samplecorp.net,110-22-7179,1964-07-04,43215,(326) 379-9625,X
C00876,Jack,Singh,jack.singh876@testmail.org,197-77-6716,1994-10-28,94016,(764) 477-2623,F
C00877,Frank,Klein,frank.klein877@testmail.org,285-54-9711,1985-10-28,20001,(688) 806-3090,M
C00878,Alice,Vance,alice.vance878@acme.io,773-26-3337,1974-10-24,94016,(254) 942-7064,X
C00879,Yara,Harris,yara.harris879@testmail.org,823-68-3999,1978-06-26,33101,(714) 493-5519,M
C00880,Quinn,Wright,quinn.wright880@acme.io,412-91-2424,1969-07-25,30301,(292) 849-2302,F
C00881,Xavier,Harris,xavier.harris881@example.com,269-83-1940,1955-12-10,75201,(704) 210-7946,X
C00882,Quinn,Young,quinn.young882@acme.io,591-73-9437,1993-11-18,15201,(327) 615-1227,X
C00883,Grace,Young,grace.young883@example.com,831-64-9754,1997-06-08,15201,(877) 740-1693,X
C00884,Olivia,Foster,olivia.foster884@acme.io,279-19-7013,2003-03-17,30301,(252) 632-9118,M
C00885,Frank,Lopez,frank.lopez885@example.com,446-96-5092,2003-09-28,43215,(320) 497-5901,M
C00886,Jack,Ingram,jack.ingram886@acme.io,102-90-7449,1963-05-21,75201,(236) 674-8999,F
C00887,Liam,Anderson,liam.anderson887@testmail.org,436-48-6798,1956-01-12,80202,(939) 390-7587,M
C00888,Alice,Davis,alice.davis888@testmail.org,603-35-2388,1983-09-05,20001,(326) 699-1113,F
C00889,Yara,Vance,yara.vance889@samplecorp.net,331-70-7477,1973-05-12,20001,(386) 749-5415,F
C00890,Olivia,Vance,olivia.vance890@testmail.org,265-27-6795,1997-07-01,30301,(926) 403-2813,F
C00891,Jack,Brown,jack.brown891@acme.io,504-63-6426,1952-03-22,77001,(690) 881-5354,F
C00892,Noah,Patel,noah.patel892@testmail.org,919-97-3087,1970-07-17,15201,(959) 598-3153,F
C00893,David,Anderson,david.anderson893@acme.io,259-54-9192,1950-11-08,10001,(894) 550-8039,X
C00894,Xavier,Anderson,xavier.anderson894@testmail.org,591-47-5623,1981-02-25,20001,(453) 832-3498,X
C00895,Quinn,Foster,quinn.foster895@acme.io,387-24-5317,1994-04-22,55401,(639) 403-8764,X
C00896,Zane,Davis,zane.davis896@acme.io,293-85-3436,1964-02-05,20001,(239) 480-4148,F
C00897,Noah,Anderson,noah.anderson897@acme.io,193-16-7231,1976-09-10,15201,(848) 436-4633,M
C00898,Noah,Patel,noah.patel898@example.com,622-64-1846,1969-02-09,30301,(487) 559-7849,F
C00899,Kate,Brown,kate.brown899@acme.io,141-10-1854,1992-12-11,77001,(492) 683-5590,X
C00900,David,Nash,david.nash900@acme.io,358-72-6956,1971-05-04,90210,(885) 213-3134,M
C00901,Liam,Young,liam.young901@samplecorp.net,860-85-9664,1988-06-08,02101,(482) 415-7292,F
C00902,David,Evans,david.evans902@example.com,142-85-4120,1962-12-15,80202,(301) 276-9955,X
C00903,Kate,Johnson,kate.johnson903@testmail.org,879-35-9741,1996-03-02,60601,(396) 628-5137,X
C00904,Liam,Lopez,liam.lopez904@testmail.org,744-25-8145,1954-08-14,75201,(715) 222-3735,X
C00905,Iris,Wright,iris.wright905@acme.io,396-15-1996,2000-12-07,15201,(607) 706-9723,X
C00906,Carol,Foster,carol.foster906@testmail.org,868-75-7293,1985-07-13,98101,(478) 411-4015,F
C00907,Frank,Singh,frank.singh907@acme.io,706-99-1145,2000-09-15,75201,(924) 937-9602,M
C00908,Jack,Harris,jack.harris908@samplecorp.net,825-44-2951,1960-04-02,75201,(443) 498-1640,X
C00909,Eve,Ingram,eve.ingram909@acme.io,376-16-5079,2002-04-18,90210,(201) 864-6692,X
C00910,Tara,Lopez,tara.lopez910@samplecorp.net,185-80-5326,1996-03-14,80202,(826) 501-6318,F
C00911,Uma,Anderson,uma.anderson911@samplecorp.net,324-45-3895,1966-01-18,02101,(996) 999-2743,X
C00912,Xavier,Wright,xavier.wright912@testmail.org,769-42-4377,2002-08-08,30301,(475) 408-7479,F
C00913,Olivia,Harris,olivia.harris913@testmail.org,477-28-8848,1955-08-06,33101,(389) 380-4094,X
C00914,Paul,Young,paul.young914@acme.io,763-46-1344,1969-03-06,55401,(603) 903-4077,F
C00915,Eve,Carter,eve.carter915@testmail.org,351-68-7594,1956-12-17,60601,(944) 968-1193,X
C00916,David,Mitchell,david.mitchell916@testmail.org,121-24-1222,1998-11-02,60601,(454) 988-2369,M
C00917,Eve,Underwood,eve.underwood917@example.com,911-11-2742,1984-12-27,30301,(924) 287-4314,F
C00918,Paul,Zhang,paul.zhang918@testmail.org,935-30-6036,1971-08-05,77001,(257) 756-5382,X
C00919,Rosa,Davis,rosa.davis919@example.com,944-15-2684,1984-05-04,75201,(625) 345-1019,F
C00920,Alice,Harris,alice.harris920@testmail.org,494-28-6788,1991-05-08,80202,(900) 593-2841,M
C00921,Frank,Davis,frank.davis921@acme.io,204-46-6854,1954-10-11,90210,(569) 286-1710,X
C00922,Eve,Foster,eve.foster922@testmail.org,643-52-3971,1993-07-05,80202,(883) 903-5940,X
C00923,Jack,Lopez,jack.lopez923@example.com,377-73-7047,1966-12-26,90210,(202) 352-3401,M
C00924,Eve,Mitchell,eve.mitchell924@testmail.org,838-71-2102,1957-10-14,15201,(485) 348-2481,M
C00925,Eve,Foster,eve.foster925@testmail.org,461-50-9097,1977-08-23,20001,(816) 851-6463,F
C00926,Zane,Underwood,zane.underwood926@acme.io,492-63-9144,1984-09-16,75201,(749) 435-7301,F
C00927,Sam,Wright,sam.wright927@testmail.org,639-83-4593,1994-02-08,30301,(202) 408-1281,M
C00928,Rosa,Patel,rosa.patel928@acme.io,212-17-6723,1973-03-10,33101,(347) 764-7898,F
C00929,Grace,Harris,grace.harris929@example.com,864-27-2920,1994-12-05,20001,(950) 226-7958,M
C00930,Bob,Wright,bob.wright930@example.com,778-84-2208,1980-10-28,60601,(230) 350-6984,F
C00931,Carol,Harris,carol.harris931@example.com,112-82-7823,1959-03-16,15201,(343) 966-9641,X
C00932,Jack,Patel,jack.patel932@testmail.org,839-53-8274,2000-11-23,10001,(493) 313-3554,F
C00933,Uma,Brown,uma.brown933@acme.io,615-30-1178,1975-07-22,80202,(665) 767-5227,X
C00934,Quinn,Johnson,quinn.johnson934@acme.io,533-30-5453,1955-09-13,60601,(960) 416-7560,X
C00935,Bob,Harris,bob.harris935@testmail.org,288-81-2264,2002-12-15,33101,(520) 868-7637,M
C00936,Frank,Brown,frank.brown936@samplecorp.net,762-64-4190,1967-02-04,90210,(571) 817-6496,F
C00937,Henry,Johnson,henry.johnson937@acme.io,654-23-2070,1963-10-01,43215,(516) 392-4305,X
C00938,Bob,Harris,bob.harris938@samplecorp.net,187-82-1735,1986-08-02,10001,(522) 295-6056,F
C00939,Liam,Zhang,liam.zhang939@samplecorp.net,507-74-4192,1970-07-24,30301,(332) 919-2595,M
C00940,Noah,Young,noah.young940@example.com,614-29-1388,1987-07-16,98101,(238) 497-3641,F
C00941,Vince,Owens,vince.owens941@example.com,740-21-4794,1963-11-21,60601,(987) 935-3638,X
C00942,Quinn,Young,quinn.young942@samplecorp.net,558-26-6554,1968-06-20,55401,(641) 240-7350,F
C00943,Grace,Thomas,grace.thomas943@example.com,256-82-9151,1956-01-05,43215,(516) 760-2428,M
C00944,David,Owens,david.owens944@samplecorp.net,273-47-3645,1954-05-19,30301,(561) 291-2165,F
C00945,Wendy,Zhang,wendy.zhang945@testmail.org,364-70-5194,1998-08-21,80202,(343) 326-8999,F
C00946,Liam,Johnson,liam.johnson946@testmail.org,518-89-3113,1978-06-17,55401,(839) 521-7122,F
C00947,Vince,Nash,vince.nash947@testmail.org,369-97-1699,1989-11-02,15201,(450) 916-1130,F
C00948,David,Johnson,david.johnson948@testmail.org,262-82-7541,2004-02-08,20001,(673) 885-2531,M
C00949,Olivia,Owens,olivia.owens949@testmail.org,211-20-3953,1996-02-13,43215,(643) 404-7578,M
C00950,Carol,Klein,carol.klein950@samplecorp.net,718-72-4483,1994-12-16,90210,(485) 665-1627,X
C00951,Eve,Patel,eve.patel951@acme.io,755-37-6245,1986-01-20,43215,(589) 263-6922,M
C00952,Paul,Green,paul.green952@example.com,316-12-7929,1967-05-21,60601,(285) 345-2134,M
C00953,Mia,Carter,mia.carter953@samplecorp.net,994-67-7876,1983-04-22,80202,(465) 388-1880,F
C00954,Noah,Klein,noah.klein954@samplecorp.net,268-35-6722,1976-08-16,75201,(905) 364-8156,M
C00955,Wendy,Singh,wendy.singh955@testmail.org,942-11-4253,1954-12-22,98101,(831) 348-6304,X
C00956,Xavier,Young,xavier.young956@samplecorp.net,114-29-8514,1959-08-28,30301,(316) 890-7658,M
C00957,Quinn,Young,quinn.young957@example.com,561-26-8361,1990-10-04,10001,(423) 963-4074,M
C00958,Wendy,Rivera,wendy.rivera958@acme.io,715-58-4541,1972-04-07,02101,(790) 214-7066,M
C00959,Alice,Johnson,alice.johnson959@samplecorp.net,614-25-9177,1991-08-14,20001,(560) 560-9887,M
C00960,Quinn,Zhang,quinn.zhang960@samplecorp.net,216-32-8517,1977-06-06,75201,(809) 366-9892,M
C00961,Mia,Johnson,mia.johnson961@testmail.org,749-46-2625,1955-02-03,02101,(216) 831-7738,F
C00962,Paul,Young,paul.young962@example.com,748-66-9247,1987-01-22,94016,(630) 416-4651,M
C00963,Rosa,Mitchell,rosa.mitchell963@example.com,300-70-3038,1972-08-14,80202,(860) 920-7484,F
C00964,Liam,Harris,liam.harris964@samplecorp.net,374-94-5333,1969-07-22,77001,(204) 624-1535,F
C00965,Alice,Evans,alice.evans965@samplecorp.net,960-76-6201,1971-03-19,20001,(447) 769-7412,F
C00966,Tara,Underwood,tara.underwood966@testmail.org,948-16-8030,1958-11-13,15201,(377) 612-6212,X
C00967,Frank,Nash,frank.nash967@acme.io,201-26-9261,1957-11-19,43215,(601) 980-5263,X
C00968,Frank,Klein,frank.klein968@acme.io,195-21-1420,1977-01-21,43215,(807) 356-1455,X
C00969,Wendy,Rivera,wendy.rivera969@example.com,685-58-1414,1997-12-05,33101,(849) 846-6867,F
C00970,Henry,Underwood,henry.underwood970@acme.io,404-34-9772,2003-04-24,43215,(587) 988-5267,X
C00971,Bob,Ingram,bob.ingram971@example.com,247-90-1379,1990-10-28,90210,(313) 670-3010,F
C00972,Eve,Johnson,eve.johnson972@samplecorp.net,284-21-2267,1981-06-27,77001,(600) 303-9045,F
C00973,Noah,Carter,noah.carter973@testmail.org,740-19-4445,1993-07-13,80202,(521) 848-8387,F
C00974,Frank,Johnson,frank.johnson974@example.com,282-94-1515,1957-06-12,33101,(828) 814-9953,F
C00975,Frank,Quinn,frank.quinn975@samplecorp.net,224-34-1484,1984-01-17,75201,(979) 356-4543,M
C00976,David,Green,david.green976@example.com,435-27-4600,1955-12-23,60601,(474) 480-8890,F
C00977,Carol,Lopez,carol.lopez977@samplecorp.net,578-73-8144,1982-07-07,94016,(377) 402-5605,M
C00978,David,Singh,david.singh978@samplecorp.net,269-36-8992,1977-08-14,98101,(965) 478-6222,X
C00979,David,Thomas,david.thomas979@testmail.org,539-35-6782,1973-11-27,90210,(660) 371-1553,X
C00980,Iris,Singh,iris.singh980@testmail.org,400-87-9691,1972-07-01,90210,(384) 530-8035,F
C00981,Liam,Harris,liam.harris981@example.com,320-94-7089,1973-03-25,30301,(325) 209-6219,X
C00982,Alice,Wright,alice.wright982@samplecorp.net,318-69-6268,1964-09-03,20001,(490) 816-4476,X
C00983,Grace,Davis,grace.davis983@samplecorp.net,833-87-2225,1986-11-14,02101,(974) 645-6206,M
C00984,Grace,Green,grace.green984@example.com,921-73-9169,1952-05-14,90210,(327) 663-3803,X
C00985,Kate,Singh,kate.singh985@testmail.org,342-83-1348,1968-01-21,43215,(789) 204-8565,M
C00986,Eve,Mitchell,eve.mitchell986@example.com,646-77-1640,1971-11-01,90210,(681) 297-7800,X
C00987,Jack,Ingram,jack.ingram987@samplecorp.net,871-54-7559,1955-09-25,30301,(705) 827-1771,M
C00988,Jack,Wright,jack.wright988@testmail.org,605-92-2989,2003-06-20,90210,(229) 429-1783,F
C00989,Eve,Davis,eve.davis989@samplecorp.net,982-98-8138,1964-03-03,77001,(941) 577-9807,F
C00990,Wendy,Brown,wendy.brown990@samplecorp.net,903-15-2815,1953-05-03,94016,(537) 904-7218,M
C00991,Wendy,Foster,wendy.foster991@acme.io,697-68-2964,1958-06-28,60601,(971) 798-7771,X
C00992,Olivia,Vance,olivia.vance992@example.com,634-77-4940,1986-08-22,33101,(487) 529-8908,F
C00993,Carol,Ingram,carol.ingram993@samplecorp.net,828-20-6783,1985-04-22,02101,(952) 410-2278,F
C00994,Paul,Brown,paul.brown994@acme.io,113-95-4541,1979-07-07,33101,(307) 548-4418,X
C00995,Yara,Quinn,yara.quinn995@samplecorp.net,878-49-8438,1991-03-28,75201,(308) 333-4584,M
C00996,Mia,Owens,mia.owens996@acme.io,898-61-4079,1954-05-14,60601,(902) 514-2672,F
C00997,Olivia,Davis,olivia.davis997@example.com,346-12-8550,1961-05-01,33101,(877) 743-8416,M
C00998,Iris,Davis,iris.davis998@example.com,462-65-4474,1959-07-17,20001,(720) 541-1870,M
C00999,Iris,Lopez,iris.lopez999@example.com,150-93-7267,1996-07-07,94016,(393) 612-3894,X
C01000,Iris,Quinn,iris.quinn1000@testmail.org,631-65-2788,1993-01-21,77001,(313) 424-2887,F
