order_id,customer_id,amount,order_date,status
O00001,C00917,188.08,2025-05-08,pending
O00002,C00545,514.15,2025-04-20,cancelled
O00003,C00402,1970.50,2025-04-24,delivered
O00004,C00508,1036.47,2025-04-12,delivered
O00005,C00723,2985.60,2025-12-01,pending
O00006,C00190,2521.17,2025-12-20,cancelled
O00007,C00757,1533.57,2025-12-08,shipped
O00008,C00323,3410.40,2025-03-06,delivered
O00009,C00922,2281.53,2025-01-22,cancelled
O00010,C00439,1676.93,2025-03-09,pending
O00011,C00175,3399.22,2025-01-20,delivered
O00012,C00993,2374.41,2025-01-16,shipped
O00013,C00484,555.84,2025-01-19,delivered
O00014,C00856,1149.16,2025-09-06,shipped
O00015,C00794,478.61,2025-05-26,delivered
O00016,C00464,2458.40,2025-06-18,delivered
O00017,C00680,2437.60,2025-06-15,pending
O00018,C00848,1769.61,2025-12-11,refunded
O00019,C00794,3323.05,2025-10-16,pending
O00020,C00277,3432.06,2025-12-21,pending
O00021,C00152,4893.40,2025-04-22,shipped
O00022,C00366,2494.18,2025-04-19,cancelled
O00023,C00369,1039.47,2025-02-07,cancelled
O00024,C00655,548.58,2025-05-21,refunded
O00025,C00921,4562.83,2025-09-06,delivered
O00026,C00933,3398.54,2025-06-13,refunded
O00027,C00428,4726.88,2025-05-10,shipped
O00028,C00043,2901.79,2025-12-11,refunded
O00029,C00126,2172.96,2025-08-19,delivered
O00030,C00296,559.85,2025-01-16,shipped
O00031,C00478,3407.81,2025-09-10,refunded
O00032,C00572,3324.96,2025-05-16,delivered
O00033,C00067,4000.93,2025-01-15,pending
O00034,C00223,1422.26,2025-10-04,pending
O00035,C00501,1536.05,2025-07-12,pending
O00036,C00052,1264.65,2025-06-10,refunded
O00037,C00682,4793.04,2025-09-05,pending
O00038,C00731,1360.64,2025-12-07,cancelled
O00039,C00600,4592.12,2025-05-08,pending
O00040,C00485,4665.34,2025-04-26,cancelled
O00041,C00433,2001.58,2025-02-09,delivered
O00042,C00612,1560.57,2025-10-14,delivered
O00043,C00824,2895.06,2025-11-25,shipped
O00044,C00257,687.10,2025-09-07,delivered
O00045,C00313,437.13,2025-10-21,cancelled
O00046,C00559,925.03,2025-07-04,shipped
O00047,C00540,2215.09,2025-06-17,delivered
O00048,C00480,1777.43,2025-08-14,cancelled
O00049,C00473,148.09,2025-09-01,cancelled
O00050,C00091,3781.72,2025-10-10,shipped
O00051,C00595,2565.91,2025-03-20,refunded
O00052,C00922,2832.22,2025-05-02,cancelled
O00053,C00129,2020.68,2025-01-15,refunded
O00054,C00472,4197.60,2025-02-02,delivered
O00055,C00850,4931.01,2025-02-11,refunded
O00056,C00100,4111.48,2025-10-16,delivered
O00057,C00886,313.72,2025-12-19,refunded
O00058,C00758,3587.59,2025-12-07,refunded
O00059,C00148,2814.63,2025-08-05,shipped
O00060,C00917,3381.65,2025-03-10,delivered
O00061,C00737,4945.90,2025-01-26,cancelled
O00062,C00639,3442.00,2025-02-03,pending
O00063,C00157,3022.92,2025-02-17,pending
O00064,C00254,1029.43,2025-08-01,refunded
O00065,C00455,1959.66,2025-02-10,cancelled
O00066,C00496,4913.65,2025-04-27,refunded
O00067,C00267,4110.22,2025-11-15,refunded
O00068,C00127,2167.44,2025-11-01,shipped
O00069,C00146,4094.57,2025-11-08,shipped
O00070,C00524,3710.91,2025-09-07,cancelled
O00071,C00492,1457.28,2025-11-04,refunded
O00072,C00505,1843.02,2025-05-13,cancelled
O00073,C00715,4001.28,2025-08-14,cancelled
O00074,C00152,149.57,2025-08-04,refunded
O00075,C00399,64.99,2025-05-02,refunded
O00076,C00456,222.73,2025-06-05,cancelled
O00077,C00904,3618.10,2025-05-01,shipped
O00078,C00367,2508.19,2025-09-07,delivered
O00079,C00925,3534.06,2025-07-17,pending
O00080,C00179,3283.04,2025-06-21,refunded
O00081,C00348,2302.81,2025-03-09,delivered
O00082,C00946,1975.70,2025-11-16,cancelled
O00083,C00986,2364.04,2025-11-06,refunded
O00084,C00726,4637.79,2025-11-17,delivered
O00085,C00133,3491.87,2025-10-19,delivered
O00086,C00599,3091.20,2025-07-03,pending
O00087,C00031,4261.64,2025-03-08,pending
O00088,C00682,540.04,2025-11-16,delivered
O00089,C00779,1165.36,2025-12-26,shipped
O00090,C00108,4499.97,2025-03-24,cancelled
O00091,C00774,4866.87,2025-02-02,refunded
O00092,C00257,581.22,2025-12-03,cancelled
O00093,C00782,1877.87,2025-11-27,pending
O00094,C00946,878.60,2025-02-23,cancelled
O00095,C00387,674.75,2025-11-19,refunded
O00096,C00205,986.63,2025-08-15,delivered
O00097,C00231,1013.95,2025-03-14,refunded
O00098,C00829,3952.12,2025-02-19,pending
O00099,C00645,4799.56,2025-02-07,pending
O00100,C00830,711.41,2025-01-12,cancelled
O00101,C00582,2737.44,2025-02-11,shipped
O00102,C00699,3652.59,2025-12-21,refunded
O00103,C00509,958.78,2025-04-19,cancelled
O00104,C00513,1767.01,2025-10-18,shipped
O00105,C00821,345.10,2025-07-21,cancelled
O00106,C00895,363.63,2025-02-05,refunded
O00107,C00306,513.56,2025-08-08,pending
O00108,C00616,2707.28,2025-01-08,delivered
O00109,C00945,4142.46,2025-07-23,delivered
O00110,C00070,4363.49,2025-03-10,pending
O00111,C00548,2881.03,2025-09-20,refunded
O00112,C00320,2002.11,2025-01-18,pending
O00113,C00597,2360.18,2025-05-21,pending
O00114,C00034,1696.85,2025-05-07,delivered
O00115,C00910,3826.03,2025-03-07,refunded
O00116,C00837,3672.02,2025-11-02,shipped
O00117,C00506,373.83,2025-10-20,pending
O00118,C00355,4905.47,2025-07-20,refunded
O00119,C00952,412.16,2025-09-16,shipped
O00120,C00278,3619.42,2025-02-02,cancelled
O00121,C00520,1133.97,2025-06-14,cancelled
O00122,C00311,3909.89,2025-04-01,pending
O00123,C00027,3870.33,2025-04-18,refunded
O00124,C00881,1903.15,2025-11-24,pending
O00125,C00566,2416.04,2025-07-25,cancelled
O00126,C00713,634.93,2025-12-14,refunded
O00127,C00142,586.76,2025-02-20,delivered
O00128,C00361,976.29,2025-07-02,shipped
O00129,C00238,469.03,2025-01-08,cancelled
O00130,C00766,3765.32,2025-09-19,pending
O00131,C00822,84.34,2025-12-08,pending
O00132,C00079,292.71,2025-08-06,delivered
O00133,C00045,1577.49,2025-10-21,shipped
O00134,C00300,657.28,2025-07-16,pending
O00135,C00673,393.25,2025-05-18,shipped
O00136,C00507,3529.22,2025-06-28,shipped
O00137,C00455,3568.54,2025-06-25,refunded
O00138,C00300,4346.17,2025-04-17,delivered
O00139,C00327,3491.88,2025-09-04,pending
O00140,C00355,4503.12,2025-12-20,cancelled
O00141,C00287,401.45,2025-03-27,refunded
O00142,C00237,1531.65,2025-09-07,pending
O00143,C00382,3627.30,2025-03-02,shipped
O00144,C00716,2206.98,2025-08-04,pending
O00145,C00511,4183.26,2025-05-09,refunded
O00146,C00394,1509.06,2025-02-02,delivered
O00147,C00876,3052.64,2025-08-01,cancelled
O00148,C00394,2225.66,2025-04-07,cancelled
O00149,C00189,3303.03,2025-09-02,delivered
O00150,C00033,2712.33,2025-06-01,refunded
O00151,C00773,4466.92,2025-05-26,refunded
O00152,C00222,3788.69,2025-06-24,refunded
O00153,C00445,4330.05,2025-12-24,pending
O00154,C00827,554.96,2025-07-24,delivered
O00155,C00880,4954.55,2025-09-15,cancelled
O00156,C00587,3598.91,2025-09-09,shipped
O00157,C00984,1912.64,2025-12-08,shipped
O00158,C00930,85.77,2025-11-09,pending
O00159,C00256,3858.98,2025-05-11,refunded
O00160,C00405,202.64,2025-05-12,delivered
O00161,C00676,1260.06,2025-11-26,refunded
O00162,C00013,630.29,2025-10-22,delivered
O00163,C00857,1329.94,2025-03-15,cancelled
O00164,C00018,2205.15,2025-08-02,delivered
O00165,C00492,3192.34,2025-09-07,cancelled
O00166,C00060,2902.06,2025-02-09,refunded
O00167,C00565,1576.99,2025-02-15,shipped
O00168,C00265,3832.22,2025-05-09,cancelled
O00169,C00131,1144.82,2025-03-05,refunded
O00170,C00672,257.40,2025-02-21,pending
O00171,C00189,3425.36,2025-08-19,delivered
O00172,C00043,2771.50,2025-04-02,delivered
O00173,C00999,1294.65,2025-11-28,delivered
O00174,C00554,3594.41,2025-10-08,delivered
O00175,C00112,396.62,2025-08-04,refunded
O00176,C00080,1192.52,2025-06-19,delivered
O00177,C00850,4115.24,2025-07-03,cancelled
O00178,C00897,1422.59,2025-01-11,refunded
O00179,C00808,1807.83,2025-07-21,delivered
O00180,C00482,4712.97,2025-05-20,pending
O00181,C00165,1847.83,2025-05-05,refunded
O00182,C00027,540.10,2025-04-26,delivered
O00183,C00524,3581.68,2025-12-17,refunded
O00184,C00730,1726.82,2025-04-13,refunded
O00185,C00034,3288.73,2025-03-13,pending
O00186,C00979,395.78,2025-04-19,refunded
O00187,C00589,3155.32,2025-12-14,refunded
O00188,C00751,615.00,2025-09-26,pending
O00189,C00622,2366.92,2025-09-17,cancelled
O00190,C00325,1353.22,2025-10-10,shipped
O00191,C00337,1222.94,2025-06-08,cancelled
O00192,C00323,3743.46,2025-02-23,shipped
O00193,C00456,3666.66,2025-07-12,pending
O00194,C00361,2806.68,2025-02-12,cancelled
O00195,C00620,1159.45,2025-07-08,refunded
O00196,C00848,4135.65,2025-03-18,shipped
O00197,C00796,4547.24,2025-11-19,shipped
O00198,C00621,1308.79,2025-05-11,delivered
O00199,C00121,416.71,2025-07-17,shipped
O00200,C00590,2476.06,2025-04-06,cancelled
O00201,C00016,842.19,2025-07-09,refunded
O00202,C00729,4651.32,2025-12-04,shipped
O00203,C00891,180.04,2025-07-01,shipped
O00204,C00075,670.56,2025-09-13,cancelled
O00205,C00363,645.99,2025-12-18,shipped
O00206,C00730,1474.03,2025-06-27,delivered
O00207,C00606,3047.70,2025-02-24,pending
O00208,C00076,3696.35,2025-06-15,cancelled
O00209,C00646,2254.27,2025-07-10,cancelled
O00210,C00717,681.68,2025-03-24,refunded
O00211,C00939,4102.33,2025-09-03,shipped
O00212,C00918,48.84,2025-10-12,cancelled
O00213,C00389,1608.98,2025-03-17,refunded
O00214,C00287,4724.39,2025-02-08,delivered
O00215,C00506,1712.17,2025-10-17,refunded
O00216,C00594,2546.06,2025-07-10,delivered
O00217,C00394,1599.71,2025-03-05,pending
O00218,C00834,4725.81,2025-12-07,cancelled
O00219,C00532,1398.50,2025-10-11,pending
O00220,C00356,1431.11,2025-02-10,delivered
O00221,C00499,2200.19,2025-03-10,delivered
O00222,C00621,3769.81,2025-04-22,delivered
O00223,C00145,488.92,2025-09-27,refunded
O00224,C00773,852.57,2025-10-02,refunded
O00225,C00551,3996.97,2025-01-16,pending
O00226,C00379,1023.67,2025-10-14,cancelled
O00227,C00534,639.63,2025-08-10,pending
O00228,C00734,3534.55,2025-02-15,cancelled
O00229,C00506,1322.65,2025-03-09,pending
O00230,C00992,1775.07,2025-02-24,shipped
O00231,C00745,381.01,2025-03-17,delivered
O00232,C00283,2272.79,2025-12-17,pending
O00233,C00724,3442.81,2025-01-14,pending
O00234,C00955,3528.47,2025-09-11,shipped
O00235,C00862,2795.27,2025-11-02,pending
O00236,C00252,693.00,2025-07-28,shipped
O00237,C00690,986.43,2025-08-05,cancelled
O00238,C00834,943.65,2025-08-10,shipped
O00239,C00204,3177.52,2025-02-17,shipped
O00240,C00004,2177.25,2025-08-18,refunded
O00241,C00214,3552.85,2025-01-14,delivered
O00242,C00629,1907.65,2025-10-08,delivered
O00243,C00496,2657.00,2025-03-10,shipped
O00244,C00897,1467.66,2025-08-16,cancelled
O00245,C00613,1792.07,2025-08-10,pending
O00246,C00225,570.71,2025-05-14,cancelled
O00247,C00334,1244.51,2025-07-04,shipped
O00248,C00476,4782.01,2025-11-04,delivered
O00249,C00714,1996.47,2025-03-25,cancelled
O00250,C00861,4025.56,2025-08-20,cancelled
O00251,C00704,1181.95,2025-05-09,refunded
O00252,C00221,4450.15,2025-07-02,refunded
O00253,C00791,1622.73,2025-11-11,cancelled
O00254,C00401,4047.06,2025-07-13,delivered
O00255,C00935,282.62,2025-08-24,shipped
O00256,C00348,3184.97,2025-01-10,cancelled
O00257,C00420,1114.34,2025-03-18,shipped
O00258,C00799,3130.18,2025-10-20,delivered
O00259,C00133,3028.76,2025-01-24,pending
O00260,C00822,1902.15,2025-12-11,delivered
O00261,C00786,3832.40,2025-02-21,pending
O00262,C00532,1060.21,2025-09-07,shipped
O00263,C00859,2683.14,2025-12-08,delivered
O00264,C00821,815.41,2025-06-11,cancelled
O00265,C00221,2769.23,2025-04-01,pending
O00266,C00866,109.94,2025-09-04,refunded
O00267,C00408,3958.80,2025-01-06,delivered
O00268,C00309,130.98,2025-11-25,shipped
O00269,C00035,1369.57,2025-02-27,cancelled
O00270,C00672,2009.75,2025-12-09,pending
O00271,C00079,378.71,2025-12-23,cancelled
O00272,C00021,83.56,2025-09-20,shipped
O00273,C00098,3682.01,2025-07-07,refunded
O00274,C00880,1567.83,2025-06-14,refunded
O00275,C00762,126.93,2025-05-15,shipped
O00276,C00103,1328.71,2025-11-19,cancelled
O00277,C00386,1463.28,2025-02-08,cancelled
O00278,C00575,1400.00,2025-05-23,refunded
O00279,C00519,1230.62,2025-01-16,cancelled
O00280,C00975,1869.96,2025-09-23,pending
O00281,C00464,1128.06,2025-01-13,shipped
O00282,C00458,1855.41,2025-10-04,delivered
O00283,C00341,727.42,2025-11-03,pending
O00284,C00575,854.59,2025-08-19,shipped
O00285,C00086,715.24,2025-10-27,cancelled
O00286,C00536,3617.93,2025-10-25,shipped
O00287,C00061,3839.37,2025-05-14,delivered
O00288,C00759,1695.96,2025-03-02,delivered
O00289,C00706,2830.91,2025-07-28,pending
O00290,C00275,3455.08,2025-09-26,cancelled
O00291,C00559,2504.08,2025-11-08,delivered
O00292,C00473,3547.25,2025-09-18,pending
O00293,C00944,534.17,2025-12-03,cancelled
O00294,C00131,3786.86,2025-03-17,pending
O00295,C00171,994.86,2025-02-02,cancelled
O00296,C00508,861.90,2025-09-16,shipped
O00297,C00767,4372.33,2025-07-13,pending
O00298,C00304,596.74,2025-05-24,delivered
O00299,C00536,1618.71,2025-06-19,shipped
O00300,C00145,1458.08,2025-11-07,refunded
O00301,C00975,3575.23,2025-09-20,delivered
O00302,C00484,2319.77,2025-06-24,shipped
O00303,C00169,2626.65,2025-08-01,delivered
O00304,C00427,904.34,2025-08-03,pending
O00305,C00320,3510.31,2025-04-23,pending
O00306,C00551,2298.38,2025-02-02,refunded
O00307,C00480,2976.33,2025-02-12,refunded
O00308,C00905,1137.89,2025-11-01,shipped
O00309,C00282,1428.10,2025-07-19,delivered
O00310,C00377,3126.26,2025-07-09,refunded
O00311,C00555,3211.58,2025-04-03,refunded
O00312,C00157,523.85,2025-04-09,shipped
O00313,C00270,2822.66,2025-03-26,refunded
O00314,C00602,3227.70,2025-07-11,refunded
O00315,C00791,4268.47,2025-10-09,refunded
O00316,C00685,4547.06,2025-04-06,pending
O00317,C00803,1166.84,2025-04-03,refunded
O00318,C00151,725.23,2025-08-28,pending
O00319,C00332,398.16,2025-01-05,refunded
O00320,C00827,2204.05,2025-11-16,delivered
O00321,C00310,2506.87,2025-02-08,refunded
O00322,C00403,1892.77,2025-07-23,cancelled
O00323,C00364,1565.69,2025-09-11,refunded
O00324,C00081,4417.60,2025-04-06,delivered
O00325,C00729,722.99,2025-07-18,cancelled
O00326,C00502,3478.55,2025-05-22,pending
O00327,C00572,4499.81,2025-11-12,shipped
O00328,C00026,4332.03,2025-08-25,delivered
O00329,C00746,2126.15,2025-10-18,shipped
O00330,C00392,1877.29,2025-12-01,shipped
O00331,C00453,1811.35,2025-04-01,refunded
O00332,C00318,1648.97,2025-06-09,refunded
O00333,C00944,74.84,2025-05-02,delivered
O00334,C00658,2398.89,2025-01-23,delivered
O00335,C00281,3130.10,2025-10-27,pending
O00336,C00884,3592.97,2025-08-20,cancelled
O00337,C00503,877.12,2025-12-28,refunded
O00338,C00827,528.40,2025-06-01,refunded
O00339,C00916,3569.42,2025-12-24,shipped
O00340,C00892,4256.21,2025-02-14,pending
O00341,C00058,2222.46,2025-12-02,delivered
O00342,C00100,4290.87,2025-05-28,shipped
O00343,C00671,3073.88,2025-01-11,delivered
O00344,C00920,3549.45,2025-10-24,delivered
O00345,C00529,80.71,2025-11-13,cancelled
O00346,C00858,3341.94,2025-01-03,shipped
O00347,C00845,3808.85,2025-03-24,delivered
O00348,C00086,871.20,2025-01-09,refunded
O00349,C00204,3446.70,2025-07-06,pending
O00350,C00319,1376.08,2025-06-04,delivered
O00351,C00478,2845.18,2025-12-03,refunded
O00352,C00953,2320.40,2025-02-03,shipped
O00353,C00748,441.22,2025-06-19,pending
O00354,C00786,854.99,2025-01-07,delivered
O00355,C00472,415.56,2025-12-08,delivered
O00356,C00858,3407.64,2025-04-24,shipped
O00357,C00318,276.14,2025-12-10,shipped
O00358,C00286,710.73,2025-06-14,shipped
O00359,C00856,949.34,2025-04-06,delivered
O00360,C00266,3490.82,2025-05-03,cancelled
O00361,C00364,2897.69,2025-06-25,refunded
O00362,C00461,4149.21,2025-11-27,shipped
O00363,C00038,4748.83,2025-10-13,shipped
O00364,C00551,2847.87,2025-12-14,delivered
O00365,C00662,4056.43,2025-05-07,delivered
O00366,C00717,4842.77,2025-09-27,delivered
O00367,C00093,2571.23,2025-04-09,shipped
O00368,C00479,1311.62,2025-02-17,shipped
O00369,C00487,707.68,2025-10-11,delivered
O00370,C00578,1895.77,2025-10-02,delivered
O00371,C00719,532.02,2025-06-28,pending
O00372,C00163,2112.82,2025-06-11,pending
O00373,C00192,4566.61,2025-05-06,cancelled
O00374,C00560,938.94,2025-01-15,refunded
O00375,C00468,2971.94,2025-12-14,cancelled
O00376,C00485,4172.14,2025-05-24,delivered
O00377,C00616,1696.01,2025-11-13,delivered
O00378,C00042,4854.12,2025-04-25,refunded
O00379,C00111,2110.72,2025-05-19,cancelled
O00380,C00608,152.49,2025-09-06,delivered
O00381,C00908,2988.29,2025-12-17,shipped
O00382,C00975,4862.41,2025-03-05,delivered
O00383,C00808,4799.97,2025-02-10,shipped
O00384,C00821,1737.05,2025-07-06,cancelled
O00385,C00001,3296.46,2025-04-06,delivered
O00386,C00315,411.07,2025-04-28,shipped
O00387,C00448,459.93,2025-04-05,refunded
O00388,C00866,3880.29,2025-01-16,shipped
O00389,C00353,508.57,2025-09-22,cancelled
O00390,C00716,1070.33,2025-08-22,cancelled
O00391,C00852,2322.79,2025-04-25,pending
O00392,C00397,651.23,2025-03-13,delivered
O00393,C00920,1423.14,2025-11-24,cancelled
O00394,C00612,1975.31,2025-02-12,cancelled
O00395,C00686,3704.74,2025-10-01,shipped
O00396,C00907,3046.53,2025-04-12,delivered
O00397,C00349,2512.27,2025-01-20,refunded
O00398,C00770,1996.92,2025-02-21,shipped
O00399,C00142,2504.75,2025-01-07,delivered
O00400,C00446,473.32,2025-07-21,shipped
O00401,C00436,762.23,2025-05-13,cancelled
O00402,C00036,1312.49,2025-07-06,shipped
O00403,C00408,3414.88,2025-02-15,pending
O00404,C00355,3433.47,2025-02-21,cancelled
O00405,C00823,4036.51,2025-03-11,shipped
O00406,C00589,2539.78,2025-11-15,pending
O00407,C00498,3272.55,2025-11-13,cancelled
O00408,C00790,282.01,2025-07-09,pending
O00409,C00619,4037.55,2025-08-17,delivered
O00410,C00800,2373.00,2025-06-28,refunded
O00411,C00996,1830.66,2025-03-14,refunded
O00412,C00778,1923.52,2025-11-03,shipped
O00413,C00008,1692.21,2025-12-19,delivered
O00414,C00203,2579.33,2025-10-24,cancelled
O00415,C00446,252.23,2025-05-02,pending
O00416,C00889,2453.21,2025-06-02,refunded
O00417,C00703,1852.79,2025-07-11,delivered
O00418,C00786,4097.66,2025-09-09,shipped
O00419,C00301,1790.86,2025-01-15,delivered
O00420,C00305,3183.55,2025-10-04,delivered
O00421,C00750,192.70,2025-12-13,shipped
O00422,C00180,429.39,2025-02-05,shipped
O00423,C00649,2472.32,2025-05-12,cancelled
O00424,C00706,3090.03,2025-12-27,refunded
O00425,C00583,2297.51,2025-02-11,delivered
O00426,C00040,742.28,2025-12-21,pending
O00427,C00392,2568.04,2025-12-03,delivered
O00428,C00950,3187.34,2025-05-14,cancelled
O00429,C00023,927.81,2025-12-09,pending
O00430,C00857,4562.61,2025-02-26,shipped
O00431,C00585,1312.27,2025-05-20,refunded
O00432,C00553,4272.68,2025-04-23,pending
O00433,C00384,2870.95,2025-04-25,cancelled
O00434,C00282,3736.88,2025-03-09,refunded
O00435,C00688,238.25,2025-07-06,delivered
O00436,C00280,35.20,2025-04-01,cancelled
O00437,C00673,657.54,2025-05-15,refunded
O00438,C00810,4879.73,2025-06-04,shipped
O00439,C00231,100.18,2025-06-08,pending
O00440,C00627,1446.28,2025-12-20,cancelled
O00441,C00603,2109.62,2025-10-11,refunded
O00442,C00399,2383.26,2025-09-01,delivered
O00443,C00349,1605.02,2025-08-05,cancelled
O00444,C00875,3715.43,2025-04-18,shipped
O00445,C00690,1956.41,2025-07-02,refunded
O00446,C00991,402.26,2025-08-18,delivered
O00447,C00086,1045.68,2025-09-12,delivered
O00448,C00299,3756.78,2025-08-22,cancelled
O00449,C00031,787.94,2025-10-06,refunded
O00450,C00361,2828.81,2025-07-25,pending
O00451,C00770,4867.05,2025-09-24,cancelled
O00452,C00241,1882.67,2025-09-05,cancelled
O00453,C00622,4744.61,2025-02-04,cancelled
O00454,C00224,1064.41,2025-02-19,delivered
O00455,C00183,4325.82,2025-12-13,refunded
O00456,C00419,1766.60,2025-04-14,refunded
O00457,C00286,1603.82,2025-06-21,pending
O00458,C00681,4424.94,2025-11-25,delivered
O00459,C00515,2682.78,2025-07-08,cancelled
O00460,C00507,3786.57,2025-05-27,cancelled
O00461,C00161,4620.31,2025-03-13,delivered
O00462,C00004,2668.00,2025-06-25,cancelled
O00463,C00672,869.63,2025-02-13,refunded
O00464,C00669,2096.32,2025-07-14,shipped
O00465,C00652,154.91,2025-04-05,refunded
O00466,C00635,2521.77,2025-02-20,refunded
O00467,C00750,2049.79,2025-01-11,refunded
O00468,C00256,840.63,2025-11-16,pending
O00469,C00975,1857.78,2025-12-20,cancelled
O00470,C00566,2561.56,2025-04-28,shipped
O00471,C00469,1851.63,2025-04-06,cancelled
O00472,C00960,3566.83,2025-04-11,shipped
O00473,C00301,333.42,2025-01-07,refunded
O00474,C00473,2301.37,2025-11-20,cancelled
O00475,C00248,3985.80,2025-08-17,pending
O00476,C00823,3023.99,2025-06-28,shipped
O00477,C00251,2316.44,2025-02-01,pending
O00478,C00699,3387.59,2025-09-16,cancelled
O00479,C00073,3917.38,2025-05-23,refunded
O00480,C00124,3581.82,2025-10-21,refunded
O00481,C00732,128.36,2025-08-27,pending
O00482,C00300,4060.20,2025-12-25,pending
O00483,C00373,2003.15,2025-09-21,cancelled
O00484,C00439,3939.24,2025-02-05,delivered
O00485,C00777,4127.89,2025-02-24,shipped
O00486,C00376,2070.34,2025-06-05,shipped
O00487,C00815,2418.13,2025-05-04,delivered
O00488,C00658,3471.64,2025-08-23,cancelled
O00489,C00771,1231.19,2025-05-11,delivered
O00490,C00706,2228.91,2025-08-23,delivered
O00491,C00582,1383.74,2025-01-25,shipped
O00492,C00152,2613.68,2025-01-08,delivered
O00493,C00578,1819.99,2025-05-10,shipped
O00494,C00582,3173.13,2025-08-23,cancelled
O00495,C00690,1481.45,2025-12-26,shipped
O00496,C00151,3041.17,2025-07-09,shipped
O00497,C00029,4256.09,2025-10-10,shipped
O00498,C00599,70.21,2025-06-24,refunded
O00499,C00764,4352.46,2025-09-13,cancelled
O00500,C00634,4501.02,2025-06-21,shipped
O00501,C00602,4264.53,2025-06-17,delivered
O00502,C00388,4328.39,2025-08-21,shipped
O00503,C00892,2630.93,2025-03-16,cancelled
O00504,C00015,3347.04,2025-02-11,shipped
O00505,C00317,1040.08,2025-03-09,refunded
O00506,C00797,3646.52,2025-02-21,shipped
O00507,C00366,2498.96,2025-10-21,pending
O00508,C00861,3733.82,2025-09-08,shipped
O00509,C00373,3324.58,2025-07-21,pending
O00510,C00975,1654.28,2025-02-09,refunded
O00511,C00985,2678.42,2025-12-18,pending
O00512,C00994,3991.61,2025-08-19,refunded
O00513,C00254,1231.01,2025-12-06,shipped
O00514,C00234,3451.29,2025-08-06,pending
O00515,C00624,1336.16,2025-05-03,shipped
O00516,C00751,4155.15,2025-02-05,refunded
O00517,C00311,313.72,2025-04-08,refunded
O00518,C00780,2910.54,2025-08-04,refunded
O00519,C00903,3909.25,2025-06-26,pending
O00520,C00202,2396.71,2025-08-03,cancelled
O00521,C00203,508.38,2025-10-07,refunded
O00522,C00499,1506.81,2025-01-19,cancelled
O00523,C00882,4525.89,2025-12-15,shipped
O00524,C00604,4030.77,2025-10-25,cancelled
O00525,C00001,1266.22,2025-07-20,delivered
O00526,C00505,3159.33,2025-06-17,cancelled
O00527,C00527,1425.94,2025-11-10,delivered
O00528,C00889,2665.63,2025-06-09,refunded
O00529,C00516,1550.93,2025-08-04,shipped
O00530,C00500,42.52,2025-09-16,cancelled
O00531,C00168,902.19,2025-07-22,delivered
O00532,C00097,4627.22,2025-08-11,refunded
O00533,C00843,921.45,2025-02-25,shipped
O00534,C00219,1542.93,2025-05-11,refunded
O00535,C00484,523.56,2025-05-20,shipped
O00536,C00585,3362.72,2025-06-06,shipped
O00537,C00785,1987.24,2025-03-28,shipped
O00538,C00625,3316.33,2025-06-17,cancelled
O00539,C00670,2980.20,2025-07-25,delivered
O00540,C00235,4664.89,2025-08-28,delivered
O00541,C00380,733.48,2025-06-24,delivered
O00542,C00850,3728.62,2025-08-10,cancelled
O00543,C00577,1973.78,2025-07-01,cancelled
O00544,C00057,4843.71,2025-06-21,shipped
O00545,C00999,2289.88,2025-05-01,shipped
O00546,C00214,3313.65,2025-05-10,delivered
O00547,C00025,1616.01,2025-07-11,refunded
O00548,C00574,3697.69,2025-04-20,refunded
O00549,C00451,4283.45,2025-02-03,shipped
O00550,C00165,1634.16,2025-08-24,refunded
O00551,C00482,4760.71,2025-01-25,cancelled
O00552,C00705,4799.06,2025-12-16,shipped
O00553,C00287,4934.78,2025-10-13,pending
O00554,C00104,290.01,2025-06-09,refunded
O00555,C00379,2196.24,2025-05-04,cancelled
O00556,C00138,4405.44,2025-02-11,cancelled
O00557,C00845,767.35,2025-03-19,delivered
O00558,C00588,1007.97,2025-02-15,shipped
O00559,C00336,2867.94,2025-11-09,refunded
O00560,C00544,4088.38,2025-12-01,shipped
O00561,C00791,3851.83,2025-12-23,delivered
O00562,C00981,4268.63,2025-08-24,shipped
O00563,C00189,1613.12,2025-04-15,delivered
O00564,C00342,1002.94,2025-12-09,delivered
O00565,C00619,3740.77,2025-01-05,pending
O00566,C00658,2059.79,2025-07-26,cancelled
O00567,C00818,249.68,2025-09-02,refunded
O00568,C00383,90.84,2025-07-02,refunded
O00569,C00895,3993.41,2025-09-16,delivered
O00570,C00589,1675.43,2025-02-24,pending
O00571,C00579,469.80,2025-09-25,pending
O00572,C00545,799.54,2025-09-28,pending
O00573,C00588,4613.26,2025-10-21,shipped
O00574,C00770,374.69,2025-11-14,delivered
O00575,C00477,2261.93,2025-12-05,delivered
O00576,C00075,916.55,2025-10-11,cancelled
O00577,C00541,3907.75,2025-12-27,cancelled
O00578,C00911,117.20,2025-10-10,pending
O00579,C00639,4142.83,2025-01-01,shipped
O00580,C00331,2141.48,2025-05-28,shipped
O00581,C00599,3375.95,2025-06-18,cancelled
O00582,C00670,3330.36,2025-10-12,refunded
O00583,C00157,952.35,2025-03-07,delivered
O00584,C00186,513.47,2025-09-20,pending
O00585,C00799,645.34,2025-06-03,delivered
O00586,C00892,1583.53,2025-04-22,shipped
O00587,C00207,1521.62,2025-07-09,shipped
O00588,C00959,4600.19,2025-06-01,shipped
O00589,C00899,4495.41,2025-08-04,cancelled
O00590,C00027,2225.32,2025-12-28,shipped
O00591,C00390,255.58,2025-08-13,shipped
O00592,C00211,3857.21,2025-10-27,pending
O00593,C00096,4846.53,2025-09-19,refunded
O00594,C00125,822.79,2025-04-04,cancelled
O00595,C00759,3028.19,2025-12-11,cancelled
O00596,C00196,1059.53,2025-02-26,refunded
O00597,C00369,2395.11,2025-09-04,cancelled
O00598,C00017,46.21,2025-07-13,pending
O00599,C00364,1808.36,2025-05-27,pending
O00600,C00445,4730.24,2025-11-10,shipped
O00601,C00719,431.41,2025-11-26,cancelled
O00602,C00897,2362.09,2025-05-24,delivered
O00603,C00047,712.27,2025-04-06,refunded
O00604,C00010,648.46,2025-03-05,cancelled
O00605,C00781,204.56,2025-10-26,shipped
O00606,C00888,3701.85,2025-05-12,refunded
O00607,C00425,4118.02,2025-07-06,shipped
O00608,C00959,2597.81,2025-03-24,shipped
O00609,C00374,4396.60,2025-02-26,shipped
O00610,C00031,2492.80,2025-05-13,delivered
O00611,C00931,4208.71,2025-10-11,pending
O00612,C00803,138.89,2025-01-16,pending
O00613,C00753,4361.42,2025-07-02,refunded
O00614,C00387,3814.89,2025-12-17,shipped
O00615,C00162,509.58,2025-06-08,pending
O00616,C00430,4941.08,2025-02-16,cancelled
O00617,C00426,4282.14,2025-09-15,shipped
O00618,C00878,3020.32,2025-11-01,delivered
O00619,C00488,2352.74,2025-05-05,delivered
O00620,C00673,2704.53,2025-10-22,pending
O00621,C00490,2469.08,2025-10-07,shipped
O00622,C00225,2578.52,2025-03-08,pending
O00623,C00762,483.00,2025-07-10,refunded
O00624,C00108,1256.40,2025-05-06,delivered
O00625,C00337,3555.20,2025-08-22,refunded
O00626,C00533,2589.35,2025-05-25,shipped
O00627,C00336,2115.88,2025-11-05,refunded
O00628,C00755,4673.78,2025-01-24,cancelled
O00629,C00648,249.61,2025-04-06,pending
O00630,C00147,3176.81,2025-04-06,cancelled
O00631,C00331,68.45,2025-08-16,delivered
O00632,C00193,3147.28,2025-10-13,cancelled
O00633,C00220,2271.44,2025-05-18,cancelled
O00634,C00121,3727.35,2025-11-25,refunded
O00635,C00947,1693.38,2025-03-09,delivered
O00636,C00827,4361.14,2025-09-15,pending
O00637,C00685,4282.51,2025-09-09,pending
O00638,C00801,1833.46,2025-11-01,refunded
O00639,C00130,481.97,2025-08-27,pending
O00640,C00124,2756.82,2025-05-05,delivered
O00641,C00315,2268.30,2025-09-03,refunded
O00642,C00187,1993.81,2025-09-07,shipped
O00643,C00861,3406.07,2025-01-07,delivered
O00644,C00539,3008.67,2025-03-19,refunded
O00645,C00538,244.51,2025-09-12,refunded
O00646,C00236,3471.54,2025-09-06,delivered
O00647,C00163,509.69,2025-03-21,refunded
O00648,C00232,4217.76,2025-12-05,refunded
O00649,C00965,4776.10,2025-07-28,shipped
O00650,C00286,254.07,2025-07-10,cancelled
O00651,C00923,2613.53,2025-07-16,cancelled
O00652,C00330,689.24,2025-05-01,pending
O00653,C00258,3544.62,2025-11-10,shipped
O00654,C00946,3669.97,2025-10-03,pending
O00655,C00774,2057.77,2025-03-16,shipped
O00656,C00783,4860.75,2025-04-13,shipped
O00657,C00662,2100.86,2025-10-07,shipped
O00658,C00855,1758.53,2025-04-09,shipped
O00659,C00915,2013.19,2025-12-24,refunded
O00660,C00968,3364.86,2025-04-15,shipped
O00661,C00689,1384.60,2025-06-01,pending
O00662,C00534,1562.69,2025-02-25,refunded
O00663,C00483,1168.58,2025-08-10,pending
O00664,C00555,3717.13,2025-08-05,pending
O00665,C00902,4895.17,2025-12-11,delivered
O00666,C00973,4939.92,2025-07-27,delivered
O00667,C00116,3138.22,2025-07-19,shipped
O00668,C00898,3551.71,2025-08-25,delivered
O00669,C00231,2618.97,2025-02-24,refunded
O00670,C00983,2999.24,2025-06-08,cancelled
O00671,C00857,3510.98,2025-07-14,pending
O00672,C00654,534.90,2025-05-27,delivered
O00673,C00927,1265.84,2025-09-11,cancelled
O00674,C00683,4183.12,2025-06-03,pending
O00675,C00104,3568.35,2025-08-08,refunded
O00676,C00507,1114.73,2025-07-22,delivered
O00677,C00107,4986.54,2025-12-16,refunded
O00678,C00622,4188.69,2025-07-20,refunded
O00679,C00892,4626.96,2025-07-02,refunded
O00680,C00111,2955.81,2025-11-04,refunded
O00681,C00098,596.19,2025-04-12,refunded
O00682,C00689,3549.43,2025-10-14,cancelled
O00683,C00736,3724.11,2025-06-21,cancelled
O00684,C00873,2309.11,2025-09-02,cancelled
O00685,C00833,4028.05,2025-12-25,cancelled
O00686,C00686,4541.33,2025-04-19,shipped
O00687,C00025,3156.30,2025-06-04,delivered
O00688,C00943,2066.60,2025-01-24,cancelled
O00689,C00870,4455.81,2025-06-27,delivered
O00690,C00361,4868.16,2025-04-09,cancelled
O00691,C00803,248.52,2025-08-23,delivered
O00692,C00788,3970.27,2025-04-18,refunded
O00693,C00664,1616.19,2025-07-25,delivered
O00694,C00800,4079.19,2025-08-28,pending
O00695,C00342,1765.51,2025-09-24,shipped
O00696,C00325,4145.13,2025-02-24,pending
O00697,C00655,2036.27,2025-10-16,shipped
O00698,C00775,1919.65,2025-05-28,cancelled
O00699,C00360,1691.64,2025-08-12,shipped
O00700,C00983,851.03,2025-01-04,shipped
O00701,C00596,1559.53,2025-09-23,refunded
O00702,C00304,3786.29,2025-09-06,cancelled
O00703,C00634,3481.22,2025-04-03,pending
O00704,C00729,2993.87,2025-11-13,delivered
O00705,C00150,3582.28,2025-09-12,cancelled
O00706,C00137,4607.08,2025-02-28,delivered
O00707,C00629,2854.83,2025-02-11,shipped
O00708,C00454,4132.41,2025-04-18,shipped
O00709,C00684,4963.46,2025-01-16,shipped
O00710,C00854,3478.44,2025-04-08,shipped
O00711,C00451,3243.00,2025-04-05,pending
O00712,C00304,1225.96,2025-01-28,refunded
O00713,C00495,4191.27,2025-07-18,refunded
O00714,C00582,969.27,2025-03-28,refunded
O00715,C00595,2004.09,2025-10-13,delivered
O00716,C00724,3986.02,2025-06-26,delivered
O00717,C00442,1857.44,2025-04-11,refunded
O00718,C00366,394.43,2025-12-05,delivered
O00719,C00881,4138.96,2025-12-08,refunded
O00720,C00593,652.54,2025-09-23,cancelled
O00721,C00549,1574.29,2025-10-08,delivered
O00722,C00735,3513.70,2025-09-27,shipped
O00723,C00477,1352.98,2025-01-15,refunded
O00724,C00449,2490.69,2025-07-03,shipped
O00725,C00023,2804.19,2025-09-21,pending
O00726,C00918,1744.54,2025-12-05,pending
O00727,C00699,1778.52,2025-12-09,refunded
O00728,C00259,4737.28,2025-12-01,refunded
O00729,C00503,2159.84,2025-03-13,shipped
O00730,C00678,2266.04,2025-09-23,delivered
O00731,C00339,1170.50,2025-09-14,shipped
O00732,C00785,2702.67,2025-11-19,delivered
O00733,C00884,43.81,2025-10-02,delivered
O00734,C00602,607.22,2025-02-20,pending
O00735,C00543,2074.42,2025-03-24,shipped
O00736,C00255,4899.11,2025-03-27,shipped
O00737,C00031,3250.54,2025-08-24,pending
O00738,C00340,454.64,2025-07-19,cancelled
O00739,C00825,2043.80,2025-12-16,shipped
O00740,C00868,1723.04,2025-02-10,delivered
O00741,C00182,3539.24,2025-05-16,pending
O00742,C00189,1309.92,2025-04-08,delivered
O00743,C00663,3168.71,2025-06-15,pending
O00744,C00537,1296.26,2025-10-02,refunded
O00745,C00061,3416.72,2025-02-06,pending
O00746,C00987,4925.79,2025-01-01,delivered
O00747,C00394,1538.26,2025-10-19,delivered
O00748,C00880,356.25,2025-03-07,refunded
O00749,C00511,917.12,2025-04-12,pending
O00750,C00894,3419.07,2025-03-20,delivered
O00751,C00588,892.87,2025-08-23,shipped
O00752,C00520,752.76,2025-08-01,refunded
O00753,C00040,4677.11,2025-02-26,delivered
O00754,C00958,1464.24,2025-06-22,shipped
O00755,C00605,2597.26,2025-02-16,shipped
O00756,C00618,784.71,2025-10-11,cancelled
O00757,C00951,3295.86,2025-07-26,cancelled
O00758,C00967,590.74,2025-09-03,delivered
O00759,C00253,1834.81,2025-04-27,cancelled
O00760,C00193,3972.33,2025-01-12,pending
O00761,C00939,4911.90,2025-08-26,refunded
O00762,C00102,4240.39,2025-02-22,delivered
O00763,C00934,2641.41,2025-10-23,refunded
O00764,C00535,1976.98,2025-09-21,shipped
O00765,C00290,1608.38,2025-08-25,shipped
O00766,C00300,4721.79,2025-07-13,cancelled
O00767,C00387,421.12,2025-01-16,pending
O00768,C00330,2810.65,2025-10-13,delivered
O00769,C00510,4961.51,2025-05-25,pending
O00770,C00541,4157.97,2025-04-03,delivered
O00771,C00914,2941.47,2025-10-18,shipped
O00772,C00657,1575.13,2025-01-18,pending
O00773,C00049,4834.17,2025-07-07,delivered
O00774,C00988,2693.44,2025-11-28,cancelled
O00775,C00757,2546.79,2025-03-17,delivered
O00776,C00698,3498.92,2025-04-04,cancelled
O00777,C00973,936.67,2025-04-23,delivered
O00778,C00075,3573.03,2025-08-07,refunded
O00779,C00656,3068.96,2025-01-13,shipped
O00780,C00922,3450.05,2025-05-01,shipped
O00781,C00676,4070.05,2025-06-06,cancelled
O00782,C00847,1149.58,2025-07-02,shipped
O00783,C00146,2997.77,2025-10-22,delivered
O00784,C00904,4611.67,2025-11-19,delivered
O00785,C00210,4701.96,2025-11-24,delivered
O00786,C00420,3454.50,2025-07-27,cancelled
O00787,C00387,1397.65,2025-04-27,cancelled
O00788,C00260,3004.65,2025-11-23,cancelled
O00789,C00043,3483.05,2025-08-05,shipped
O00790,C00073,3191.61,2025-02-06,cancelled
O00791,C00069,924.96,2025-06-06,delivered
O00792,C00979,3407.72,2025-12-13,delivered
O00793,C00550,1439.33,2025-10-09,pending
O00794,C00780,605.81,2025-04-03,refunded
O00795,C00867,2494.86,2025-03-17,pending
O00796,C00481,2399.31,2025-02-08,pending
O00797,C00854,1946.44,2025-02-25,pending
O00798,C00248,2185.38,2025-06-15,shipped
O00799,C00453,2989.04,2025-01-22,refunded
O00800,C00786,4872.79,2025-04-24,delivered
O00801,C00045,2848.32,2025-03-11,delivered
O00802,C00944,885.89,2025-08-07,pending
O00803,C00401,1906.37,2025-05-17,pending
O00804,C00231,927.98,2025-04-11,cancelled
O00805,C00026,4357.97,2025-02-27,shipped
O00806,C00617,2647.50,2025-09-06,shipped
O00807,C00561,4821.24,2025-01-04,pending
O00808,C00420,2595.06,2025-01-20,shipped
O00809,C00742,4664.67,2025-06-02,shipped
O00810,C00924,527.93,2025-04-01,cancelled
O00811,C00004,2817.93,2025-07-25,refunded
O00812,C00123,4286.45,2025-11-02,refunded
O00813,C00559,378.88,2025-11-27,cancelled
O00814,C00960,2861.74,2025-07-10,refunded
O00815,C00397,2253.86,2025-12-08,cancelled
O00816,C00628,1257.71,2025-11-15,cancelled
O00817,C00942,4493.90,2025-08-18,delivered
O00818,C00230,730.59,2025-11-24,shipped
O00819,C00987,4837.18,2025-05-06,delivered
O00820,C00758,114.48,2025-05-05,pending
O00821,C00471,2057.75,2025-09-28,shipped
O00822,C00412,633.87,2025-11-12,shipped
O00823,C00965,2034.90,2025-07-15,cancelled
O00824,C00455,4762.35,2025-08-12,delivered
O00825,C00334,3330.21,2025-03-24,refunded
O00826,C00211,1237.58,2025-12-07,refunded
O00827,C00200,4740.54,2025-12-22,refunded
O00828,C00373,4502.77,2025-09-28,cancelled
O00829,C00384,3223.56,2025-04-13,shipped
O00830,C00482,552.16,2025-11-15,delivered
O00831,C00927,4166.11,2025-10-14,pending
O00832,C00205,1093.72,2025-09-06,cancelled
O00833,C00960,2592.33,2025-03-15,pending
O00834,C00711,1040.20,2025-10-22,shipped
O00835,C00280,4918.33,2025-11-19,shipped
O00836,C00657,2015.36,2025-04-05,cancelled
O00837,C00325,2348.21,2025-12-05,cancelled
O00838,C00324,3055.69,2025-10-17,pending
O00839,C00693,494.35,2025-02-03,pending
O00840,C00009,4601.66,2025-01-11,pending
O00841,C00321,4658.50,2025-06-07,shipped
O00842,C00981,1072.93,2025-02-12,refunded
O00843,C00932,1584.35,2025-08-16,delivered
O00844,C00721,884.34,2025-05-04,refunded
O00845,C00164,4505.08,2025-03-06,cancelled
O00846,C00122,2666.20,2025-10-14,shipped
O00847,C00576,2766.08,2025-08-23,delivered
O00848,C00707,4241.49,2025-04-04,shipped
O00849,C00932,2230.07,2025-01-05,cancelled
O00850,C00485,1903.06,2025-03-25,pending
O00851,C00601,3443.73,2025-06-15,refunded
O00852,C00586,917.35,2025-01-16,refunded
O00853,C00353,4429.16,2025-02-12,pending
O00854,C00182,683.37,2025-05-22,cancelled
O00855,C00939,755.94,2025-11-07,delivered
O00856,C00300,3559.93,2025-02-12,refunded
O00857,C00819,2478.80,2025-10-19,cancelled
O00858,C00174,1832.43,2025-05-07,refunded
O00859,C00287,4910.36,2025-01-16,delivered
O00860,C00928,842.74,2025-11-08,delivered
O00861,C00270,2250.17,2025-07-11,pending
O00862,C00280,3752.49,2025-11-15,pending
O00863,C00341,2760.86,2025-03-28,refunded
O00864,C00011,3675.86,2025-01-10,cancelled
O00865,C00205,4523.63,2025-07-13,pending
O00866,C00712,3362.80,2025-12-13,delivered
O00867,C00376,4017.70,2025-07-14,delivered
O00868,C00136,4715.10,2025-12-09,refunded
O00869,C00198,2449.26,2025-05-03,cancelled
O00870,C00941,3362.32,2025-11-11,refunded
O00871,C00918,576.49,2025-03-26,pending
O00872,C00249,381.33,2025-06-03,shipped
O00873,C00586,4009.27,2025-02-28,pending
O00874,C00010,3618.30,2025-12-26,delivered
O00875,C00892,4545.47,2025-02-05,refunded
O00876,C00642,4828.57,2025-08-21,delivered
O00877,C00805,3328.04,2025-10-04,pending
O00878,C00722,702.19,2025-12-03,shipped
O00879,C00094,3594.09,2025-02-01,cancelled
O00880,C00811,3431.15,2025-04-02,pending
O00881,C00397,1608.82,2025-09-07,cancelled
O00882,C00838,994.53,2025-08-20,shipped
O00883,C00481,1447.44,2025-11-19,pending
O00884,C00454,932.79,2025-01-03,shipped
O00885,C00998,996.63,2025-03-18,refunded
O00886,C00997,954.83,2025-02-23,pending
O00887,C00193,943.37,2025-06-25,shipped
O00888,C00167,1979.39,2025-10-10,refunded
O00889,C00423,2538.21,2025-05-07,cancelled
O00890,C00257,4124.10,2025-12-08,refunded
O00891,C00008,3277.66,2025-11-09,delivered
O00892,C00773,814.71,2025-01-03,cancelled
O00893,C00353,4514.44,2025-01-20,cancelled
O00894,C00082,3373.43,2025-12-15,pending
O00895,C00763,3375.76,2025-06-19,delivered
O00896,C00715,3408.59,2025-11-03,refunded
O00897,C00269,3638.47,2025-06-15,delivered
O00898,C00761,4056.72,2025-06-16,delivered
O00899,C00782,2450.55,2025-09-24,shipped
O00900,C00234,2940.27,2025-01-23,delivered
O00901,C00420,2330.07,2025-08-11,cancelled
O00902,C00475,4344.72,2025-08-15,shipped
O00903,C00146,3691.92,2025-07-14,pending
O00904,C00895,705.77,2025-06-13,shipped
O00905,C00410,1834.89,2025-07-26,shipped
O00906,C00155,2968.76,2025-03-07,pending
O00907,C00017,1962.55,2025-03-09,delivered
O00908,C00203,118.19,2025-07-06,delivered
O00909,C00850,4776.43,2025-09-09,shipped
O00910,C00195,2437.81,2025-12-16,cancelled
O00911,C00446,4737.18,2025-03-16,pending
O00912,C00362,4807.58,2025-02-11,cancelled
O00913,C00623,1453.72,2025-04-17,cancelled
O00914,C00823,1089.86,2025-08-01,delivered
O00915,C00647,801.43,2025-11-10,refunded
O00916,C00440,3062.02,2025-10-05,refunded
O00917,C00289,1712.08,2025-06-26,shipped
O00918,C00379,2830.99,2025-08-03,pending
O00919,C00458,1856.34,2025-04-07,delivered
O00920,C00705,1174.86,2025-06-21,cancelled
O00921,C00806,1409.85,2025-06-19,delivered
O00922,C00716,979.95,2025-03-11,refunded
O00923,C00995,4557.79,2025-12-19,refunded
O00924,C00243,4068.48,2025-04-16,refunded
O00925,C00482,4453.88,2025-06-17,pending
O00926,C00394,3753.46,2025-10-11,pending
O00927,C00542,2459.79,2025-10-24,delivered
O00928,C00069,2252.93,2025-04-26,delivered
O00929,C00729,723.99,2025-01-16,shipped
O00930,C00229,3169.02,2025-06-12,refunded
O00931,C00495,2813.77,2025-05-11,cancelled
O00932,C00322,3027.81,2025-09-07,shipped
O00933,C00981,4619.31,2025-10-04,delivered
O00934,C00752,312.21,2025-04-17,refunded
O00935,C00290,1248.65,2025-07-14,pending
O00936,C00306,1312.33,2025-03-10,pending
O00937,C00030,3261.66,2025-07-03,delivered
O00938,C00477,3881.23,2025-03-15,cancelled
O00939,C00569,793.32,2025-08-25,delivered
O00940,C00111,4685.15,2025-08-09,shipped
O00941,C00724,3036.65,2025-05-06,refunded
O00942,C00132,1620.79,2025-01-04,pending
O00943,C00889,1639.42,2025-08-12,shipped
O00944,C00323,4160.70,2025-07-18,pending
O00945,C00644,2176.96,2025-06-13,shipped
O00946,C00335,3069.28,2025-01-21,delivered
O00947,C00332,2832.43,2025-10-02,refunded
O00948,C00058,3616.66,2025-12-05,cancelled
O00949,C00066,4635.47,2025-03-05,pending
O00950,C00536,825.27,2025-12-08,pending
O00951,C00773,1807.98,2025-06-11,pending
O00952,C00423,1724.43,2025-02-16,cancelled
O00953,C00559,320.13,2025-07-21,cancelled
O00954,C00712,783.37,2025-02-27,shipped
O00955,C00460,803.71,2025-05-08,shipped
O00956,C00058,3227.35,2025-09-01,pending
O00957,C00659,4216.04,2025-04-16,pending
O00958,C00044,1102.81,2025-04-05,shipped
O00959,C00513,1604.10,2025-07-25,cancelled
O00960,C00020,2556.13,2025-05-16,pending
O00961,C00686,3576.56,2025-07-18,pending
O00962,C00042,1008.62,2025-01-07,shipped
O00963,C00597,2462.41,2025-06-23,pending
O00964,C00596,4409.42,2025-09-27,shipped
O00965,C00407,1071.76,2025-09-01,refunded
O00966,C00289,1335.58,2025-06-17,cancelled
O00967,C00164,4175.76,2025-10-09,delivered
O00968,C00201,1642.02,2025-05-13,pending
O00969,C00667,1434.05,2025-01-15,refunded
O00970,C00991,3260.53,2025-09-25,cancelled
O00971,C00210,932.31,2025-01-13,pending
O00972,C00761,4666.09,2025-04-07,refunded
O00973,C00754,3738.89,2025-12-22,shipped
O00974,C00908,2970.36,2025-05-12,cancelled
O00975,C00056,3242.67,2025-04-19,delivered
O00976,C00223,2560.39,2025-05-01,shipped
O00977,C00850,912.79,2025-06-07,cancelled
O00978,C00970,3602.51,2025-12-11,cancelled
O00979,C00401,3013.05,2025-03-16,cancelled
O00980,C00575,2987.73,2025-11-28,shipped
O00981,C00080,3085.69,2025-01-28,pending
O00982,C00635,259.64,2025-01-09,pending
O00983,C00311,2230.85,2025-12-19,shipped
O00984,C00100,277.15,2025-04-21,shipped
O00985,C00995,2121.60,2025-06-03,delivered
O00986,C00428,3271.59,2025-05-25,pending
O00987,C00921,609.18,2025-03-09,cancelled
O00988,C00953,4661.91,2025-04-04,pending
O00989,C00902,4655.90,2025-08-06,pending
O00990,C00116,439.62,2025-04-15,refunded
O00991,C00712,2791.65,2025-05-01,refunded
O00992,C00492,325.79,2025-12-05,shipped
O00993,C00067,1993.72,2025-07-01,pending
O00994,C00510,2168.11,2025-08-14,shipped
O00995,C00997,76.21,2025-01-22,pending
O00996,C00983,3849.97,2025-05-23,delivered
O00997,C00737,2401.06,2025-05-01,delivered
O00998,C00987,4361.24,2025-04-23,cancelled
O00999,C00830,19.72,2025-11-02,refunded
O01000,C00856,4286.42,2025-09-23,cancelled
