payment_id,order_id,amount,method,paid_at
P00001,O00811,1161.45,card,2025-05-12
P00002,O00091,2992.26,check,2025-08-18
P00003,O00168,1869.47,wire,2025-12-18
P00004,O00554,732.75,wire,2025-07-06
P00005,O00595,2011.89,check,2025-06-25
P00006,O00300,742.43,check,2025-11-18
P00007,O00418,1804.84,check,2025-02-20
P00008,O00260,4424.44,wire,2025-06-21
P00009,O00478,2256.59,crypto,2025-11-06
P00010,O00912,218.56,crypto,2025-11-05
P00011,O00614,1711.54,ach,2025-10-05
P00012,O00836,3962.43,check,2025-02-27
P00013,O00430,4404.21,crypto,2025-09-02
P00014,O00533,523.56,card,2025-05-18
P00015,O00681,4711.74,ach,2025-11-23
P00016,O00807,1677.82,card,2025-06-24
P00017,O00857,3985.58,crypto,2025-07-17
P00018,O00673,4097.71,ach,2025-10-12
P00019,O00768,2042.95,card,2025-04-21
P00020,O00660,2271.00,ach,2025-12-01
P00021,O00915,3969.00,crypto,2025-02-16
P00022,O00148,4579.64,wire,2025-04-25
P00023,O00416,1517.77,ach,2025-09-21
P00024,O00099,4758.00,ach,2025-01-01
P00025,O00032,1482.44,ach,2025-03-27
P00026,O00795,3404.01,card,2025-05-15
P00027,O00974,599.17,wire,2025-11-13
P00028,O00011,3490.60,wire,2025-06-13
P00029,O00384,1046.20,check,2025-10-19
P00030,O00942,2394.81,crypto,2025-10-02
P00031,O00696,2459.21,card,2025-08-11
P00032,O00360,160.05,check,2025-07-25
P00033,O00552,3850.09,check,2025-12-19
P00034,O00636,4403.78,check,2025-01-13
P00035,O00040,4814.03,card,2025-08-09
P00036,O00557,464.78,ach,2025-12-27
P00037,O00733,3158.34,card,2025-08-13
P00038,O00768,1690.23,crypto,2025-08-02
P00039,O00331,1552.52,check,2025-04-20
P00040,O00421,479.29,ach,2025-10-28
P00041,O00692,3905.27,crypto,2025-08-03
P00042,O00515,910.26,wire,2025-12-19
P00043,O00398,4007.53,crypto,2025-11-24
P00044,O00050,1269.76,card,2025-12-17
P00045,O00503,873.72,check,2025-05-28
P00046,O00167,203.88,crypto,2025-06-14
P00047,O00113,3435.60,card,2025-04-16
P00048,O00498,1248.97,check,2025-12-26
P00049,O00670,4527.52,check,2025-01-10
P00050,O00188,1121.00,crypto,2025-08-08
P00051,O00731,2226.11,card,2025-02-06
P00052,O00143,664.34,crypto,2025-10-01
P00053,O00449,2483.25,check,2025-01-23
P00054,O00538,4488.96,wire,2025-11-18
P00055,O00109,2096.03,card,2025-05-14
P00056,O00571,3511.73,card,2025-02-03
P00057,O00270,4389.52,wire,2025-08-13
P00058,O00520,4596.78,ach,2025-02-01
P00059,O00166,436.46,ach,2025-11-07
P00060,O00457,3301.01,crypto,2025-06-18
P00061,O00270,2392.01,ach,2025-10-14
P00062,O00119,2800.53,ach,2025-04-05
P00063,O00308,670.41,check,2025-01-12
P00064,O00062,2553.43,card,2025-02-17
P00065,O00682,1333.11,crypto,2025-01-10
P00066,O00902,4058.25,wire,2025-04-28
P00067,O00492,4007.12,ach,2025-11-16
P00068,O00490,2396.28,card,2025-03-13
P00069,O00567,3168.82,crypto,2025-02-05
P00070,O00684,639.14,crypto,2025-03-28
P00071,O00779,344.63,crypto,2025-02-19
P00072,O00169,1239.10,check,2025-11-12
P00073,O00961,1130.58,wire,2025-07-02
P00074,O00771,2162.20,wire,2025-07-01
P00075,O00198,3359.92,wire,2025-07-15
P00076,O00621,4182.68,ach,2025-12-05
P00077,O00491,3076.40,crypto,2025-07-21
P00078,O00893,3778.37,ach,2025-04-20
P00079,O00534,1441.70,card,2025-07-20
P00080,O00032,2089.50,crypto,2025-02-23
P00081,O00914,3886.35,card,2025-06-09
P00082,O00403,1407.76,wire,2025-05-27
P00083,O00549,3028.45,wire,2025-08-17
P00084,O00500,1933.54,crypto,2025-12-18
P00085,O00946,3412.51,crypto,2025-11-26
P00086,O00588,690.65,wire,2025-02-23
P00087,O00502,4876.26,crypto,2025-09-20
P00088,O00647,319.36,wire,2025-05-28
P00089,O00296,2974.20,ach,2025-06-11
P00090,O00929,1200.88,ach,2025-06-10
P00091,O00197,4129.55,crypto,2025-11-14
P00092,O00286,1323.23,check,2025-11-22
P00093,O00193,3842.73,ach,2025-12-10
P00094,O00195,3437.08,wire,2025-12-18
P00095,O00567,1609.11,check,2025-10-17
P00096,O00178,590.47,wire,2025-11-08
P00097,O00211,2992.67,wire,2025-03-21
P00098,O00830,2487.29,ach,2025-07-16
P00099,O00735,1357.35,crypto,2025-08-18
P00100,O00350,735.97,crypto,2025-02-09
P00101,O00128,4832.74,crypto,2025-07-01
P00102,O00069,948.70,wire,2025-08-15
P00103,O00958,4954.31,crypto,2025-05-17
P00104,O00582,2105.36,wire,2025-01-14
P00105,O00644,4908.57,crypto,2025-02-16
P00106,O00448,1937.49,card,2025-03-06
P00107,O00126,1809.87,card,2025-01-28
P00108,O00072,1390.39,crypto,2025-09-09
P00109,O00131,3920.43,check,2025-04-02
P00110,O00913,3303.18,card,2025-01-04
P00111,O00346,4884.30,wire,2025-05-14
P00112,O00247,1156.29,crypto,2025-10-19
P00113,O00770,1337.35,crypto,2025-06-27
P00114,O00243,762.76,crypto,2025-10-11
P00115,O00781,1103.26,check,2025-04-18
P00116,O00632,92.12,ach,2025-02-19
P00117,O00759,3072.59,wire,2025-08-04
P00118,O00098,1234.73,check,2025-04-08
P00119,O00471,3049.99,ach,2025-04-09
P00120,O00110,20.83,wire,2025-07-19
P00121,O00882,3000.58,check,2025-08-07
P00122,O00238,506.33,card,2025-07-23
P00123,O00455,2215.43,check,2025-10-25
P00124,O00390,120.02,wire,2025-04-22
P00125,O00504,2186.07,crypto,2025-06-11
P00126,O00022,2497.67,crypto,2025-07-27
P00127,O00453,3034.74,wire,2025-03-23
P00128,O00080,3006.76,check,2025-03-26
P00129,O00414,1039.62,wire,2025-06-13
P00130,O00281,1247.58,wire,2025-04-13
P00131,O00615,4389.26,card,2025-11-19
P00132,O00250,3229.16,card,2025-08-23
P00133,O00820,114.29,crypto,2025-06-12
P00134,O00391,107.37,check,2025-12-15
P00135,O00932,2123.57,check,2025-05-12
P00136,O00235,1349.26,wire,2025-08-06
P00137,O00173,1099.59,crypto,2025-11-17
P00138,O00614,2657.03,ach,2025-01-13
P00139,O00374,244.65,ach,2025-02-23
P00140,O00938,797.97,crypto,2025-12-18
P00141,O00052,1255.70,crypto,2025-05-15
P00142,O00153,1469.30,check,2025-05-28
P00143,O00938,934.17,check,2025-05-06
P00144,O00534,338.56,card,2025-10-02
P00145,O00587,3274.84,ach,2025-05-18
P00146,O00482,4710.37,ach,2025-04-01
P00147,O00828,4806.90,crypto,2025-12-03
P00148,O00069,3865.32,wire,2025-03-18
P00149,O00128,3896.40,crypto,2025-06-24
P00150,O00184,767.83,ach,2025-04-26
P00151,O00009,1630.76,ach,2025-05-17
P00152,O00833,108.49,crypto,2025-01-13
P00153,O00139,839.17,check,2025-03-28
P00154,O00136,1213.42,crypto,2025-06-19
P00155,O00802,1399.99,ach,2025-08-06
P00156,O00728,553.83,ach,2025-03-21
P00157,O00621,3773.80,card,2025-07-05
P00158,O00001,1439.58,crypto,2025-08-22
P00159,O00773,1978.11,crypto,2025-12-13
P00160,O00911,2627.63,crypto,2025-06-26
P00161,O00621,2889.47,check,2025-05-17
P00162,O00960,2041.35,crypto,2025-08-05
P00163,O00825,186.90,card,2025-10-12
P00164,O00863,1495.72,crypto,2025-07-13
P00165,O00385,1501.09,card,2025-06-16
P00166,O00204,3752.81,ach,2025-07-25
P00167,O00654,3752.99,check,2025-10-26
P00168,O00777,3747.38,wire,2025-07-08
P00169,O00146,86.81,ach,2025-08-09
P00170,O00499,1999.20,check,2025-06-07
P00171,O00475,656.42,card,2025-04-05
P00172,O00919,3201.91,card,2025-05-12
P00173,O00055,1756.02,check,2025-11-28
P00174,O00444,395.23,wire,2025-06-27
P00175,O00525,2760.28,card,2025-08-03
P00176,O00361,1660.60,wire,2025-09-06
P00177,O00012,4960.54,ach,2025-12-23
P00178,O00576,1351.70,card,2025-09-07
P00179,O00646,2607.85,card,2025-08-13
P00180,O00343,3993.56,check,2025-06-20
P00181,O00335,1428.21,card,2025-09-19
P00182,O00127,4418.25,check,2025-07-25
P00183,O00527,185.60,crypto,2025-12-24
P00184,O00580,2532.21,ach,2025-07-11
P00185,O00677,3572.78,wire,2025-03-05
P00186,O00781,4575.40,card,2025-10-13
P00187,O00283,1975.03,card,2025-01-10
P00188,O00013,4768.03,ach,2025-07-19
P00189,O00199,2090.86,ach,2025-07-18
P00190,O00582,1279.46,ach,2025-01-03
P00191,O00168,4294.91,wire,2025-12-16
P00192,O00806,335.11,check,2025-03-22
P00193,O00506,575.61,check,2025-06-20
P00194,O00746,4897.39,check,2025-05-19
P00195,O00572,2741.89,wire,2025-11-22
P00196,O00335,2635.91,crypto,2025-09-22
P00197,O00286,4031.91,ach,2025-04-27
P00198,O00023,2172.20,wire,2025-06-17
P00199,O00308,2496.88,check,2025-01-19
P00200,O00308,4009.36,wire,2025-02-27
P00201,O00152,2777.30,ach,2025-04-15
P00202,O00927,770.52,card,2025-12-18
P00203,O00518,1818.15,check,2025-07-19
P00204,O00340,1498.93,ach,2025-03-20
P00205,O00493,4742.72,card,2025-06-02
P00206,O00447,2032.59,check,2025-03-14
P00207,O00485,4891.90,wire,2025-06-04
P00208,O00316,1182.23,check,2025-07-19
P00209,O00220,2029.56,ach,2025-05-08
P00210,O00626,4023.62,wire,2025-03-20
P00211,O00335,2969.26,card,2025-02-03
P00212,O00085,3981.99,card,2025-03-18
P00213,O00439,2465.78,card,2025-12-21
P00214,O00156,4959.23,card,2025-08-06
P00215,O00034,671.75,wire,2025-11-22
P00216,O00941,4134.65,wire,2025-11-19
P00217,O00090,206.95,wire,2025-06-04
P00218,O00040,4981.60,card,2025-01-20
P00219,O00001,4108.04,ach,2025-03-13
P00220,O00844,4967.44,card,2025-05-19
P00221,O00299,3079.10,crypto,2025-02-27
P00222,O00628,1425.80,card,2025-08-20
P00223,O00873,1303.61,crypto,2025-02-16
P00224,O00622,1122.84,wire,2025-01-13
P00225,O00873,1696.59,ach,2025-12-16
P00226,O00830,2265.28,crypto,2025-05-10
P00227,O00670,3529.76,check,2025-07-26
P00228,O00953,1179.45,wire,2025-11-11
P00229,O00216,1207.20,ach,2025-12-05
P00230,O00038,401.87,crypto,2025-02-05
P00231,O00111,4991.14,ach,2025-03-24
P00232,O00076,1415.96,wire,2025-12-11
P00233,O00594,1200.07,check,2025-07-14
P00234,O00126,4649.72,crypto,2025-12-19
P00235,O00310,4687.49,ach,2025-08-21
P00236,O00035,1824.23,check,2025-04-12
P00237,O00068,249.32,wire,2025-07-06
P00238,O00833,2490.60,check,2025-12-28
P00239,O00332,2250.81,wire,2025-12-23
P00240,O00433,3293.73,crypto,2025-12-06
P00241,O00008,4346.52,ach,2025-05-14
P00242,O00096,2437.04,wire,2025-03-02
P00243,O00906,706.00,crypto,2025-10-16
P00244,O00981,1392.92,ach,2025-12-06
P00245,O00428,197.05,card,2025-11-12
P00246,O00729,1718.10,crypto,2025-06-11
P00247,O00003,527.46,crypto,2025-04-07
P00248,O00152,1665.93,crypto,2025-05-17
P00249,O00401,4448.48,crypto,2025-10-20
P00250,O00202,2177.51,card,2025-08-24
P00251,O00606,2737.88,crypto,2025-08-02
P00252,O00292,1666.36,check,2025-10-21
P00253,O00989,3960.23,check,2025-07-15
P00254,O00937,4422.42,crypto,2025-04-11
P00255,O00855,2956.51,check,2025-05-10
P00256,O00913,3262.01,card,2025-04-22
P00257,O00927,2899.92,check,2025-05-01
P00258,O00544,1149.96,ach,2025-08-08
P00259,O00407,16.24,card,2025-02-26
P00260,O00823,1371.81,crypto,2025-07-01
P00261,O00514,4343.39,wire,2025-10-22
P00262,O00053,2485.69,crypto,2025-04-18
P00263,O00678,2764.03,card,2025-04-13
P00264,O00575,3629.98,ach,2025-09-21
P00265,O00206,75.99,check,2025-02-11
P00266,O00663,1231.75,check,2025-01-04
P00267,O00133,4655.75,wire,2025-03-22
P00268,O00300,3360.70,check,2025-03-14
P00269,O00209,3647.16,wire,2025-02-25
P00270,O00955,1447.45,crypto,2025-12-18
P00271,O00655,347.61,ach,2025-02-28
P00272,O00960,21.62,ach,2025-02-25
P00273,O00789,3973.16,wire,2025-03-04
P00274,O00784,2259.20,card,2025-09-25
P00275,O00856,3898.79,check,2025-09-04
P00276,O00493,3341.65,wire,2025-02-12
P00277,O00808,464.69,ach,2025-07-26
P00278,O00194,2728.80,wire,2025-12-01
P00279,O00933,4569.83,card,2025-02-06
P00280,O00150,1713.80,crypto,2025-12-18
P00281,O00199,2396.06,wire,2025-01-11
P00282,O00874,1949.44,check,2025-02-26
P00283,O00525,3880.43,check,2025-04-06
P00284,O00195,3107.27,check,2025-10-24
P00285,O00715,339.17,ach,2025-11-25
P00286,O00507,2789.50,check,2025-07-11
P00287,O00658,1847.51,card,2025-01-15
P00288,O00193,23.59,wire,2025-01-22
P00289,O00957,1865.82,wire,2025-07-24
P00290,O00858,42.15,wire,2025-08-03
P00291,O00138,4215.90,crypto,2025-09-18
P00292,O00785,586.89,ach,2025-08-16
P00293,O00567,4980.70,wire,2025-02-20
P00294,O00831,167.24,wire,2025-04-10
P00295,O00550,4111.71,wire,2025-01-28
P00296,O00110,279.29,wire,2025-11-05
P00297,O00713,1295.12,check,2025-03-09
P00298,O00349,4249.44,card,2025-09-12
P00299,O00077,2493.94,wire,2025-07-01
P00300,O00027,4906.36,wire,2025-03-23
P00301,O00096,4348.18,crypto,2025-10-20
P00302,O00873,505.11,card,2025-02-09
P00303,O00787,1672.26,card,2025-03-19
P00304,O00218,2913.23,card,2025-04-02
P00305,O00284,1560.89,crypto,2025-09-28
P00306,O00082,4058.83,crypto,2025-10-28
P00307,O00708,2732.59,crypto,2025-11-10
P00308,O00103,4477.15,card,2025-05-14
P00309,O00096,3291.20,wire,2025-12-02
P00310,O00141,348.39,crypto,2025-01-04
P00311,O00913,2387.50,check,2025-06-13
P00312,O00555,538.92,ach,2025-10-18
P00313,O00917,3971.57,card,2025-06-06
P00314,O00190,3244.19,crypto,2025-12-28
P00315,O00107,3156.04,card,2025-08-07
P00316,O00747,3542.27,ach,2025-12-27
P00317,O00885,3413.83,ach,2025-07-01
P00318,O00698,2617.26,wire,2025-10-26
P00319,O00748,3882.43,ach,2025-08-18
P00320,O00244,301.56,ach,2025-10-22
P00321,O00398,966.40,crypto,2025-05-12
P00322,O00140,2025.58,crypto,2025-07-19
P00323,O00295,1350.45,crypto,2025-02-23
P00324,O00431,1278.72,crypto,2025-08-01
P00325,O00118,2030.70,ach,2025-12-09
P00326,O00708,645.31,ach,2025-11-19
P00327,O00123,4836.04,ach,2025-03-23
P00328,O00042,1158.12,ach,2025-12-02
P00329,O00749,365.64,check,2025-03-07
P00330,O00284,4797.20,crypto,2025-01-21
P00331,O00216,3587.60,card,2025-07-04
P00332,O00350,1035.64,ach,2025-03-24
P00333,O00664,3929.06,wire,2025-06-14
P00334,O00388,3299.30,wire,2025-08-22
P00335,O00207,4289.49,ach,2025-04-13
P00336,O00362,944.06,ach,2025-08-16
P00337,O00972,1373.12,card,2025-05-01
P00338,O00444,2320.59,card,2025-01-24
P00339,O00470,2623.79,ach,2025-07-04
P00340,O00903,1439.61,wire,2025-05-06
P00341,O00437,3846.42,check,2025-09-03
P00342,O00601,2274.87,wire,2025-11-08
P00343,O00461,1008.62,wire,2025-08-13
P00344,O00277,806.49,ach,2025-08-05
P00345,O00018,3906.13,check,2025-07-08
P00346,O00972,2760.97,ach,2025-02-09
P00347,O00739,1857.32,wire,2025-12-04
P00348,O00279,4310.70,crypto,2025-05-24
P00349,O00414,106.40,crypto,2025-02-08
P00350,O00921,1417.65,ach,2025-11-18
P00351,O00877,3069.90,crypto,2025-03-21
P00352,O00509,4887.37,card,2025-03-01
P00353,O00336,3843.62,crypto,2025-07-19
P00354,O00350,12.30,ach,2025-03-04
P00355,O00751,1535.16,check,2025-05-23
P00356,O00824,1363.35,ach,2025-11-13
P00357,O00686,4210.34,crypto,2025-10-19
P00358,O00366,484.97,check,2025-10-07
P00359,O00912,1228.20,card,2025-06-12
P00360,O00483,3795.84,crypto,2025-06-16
P00361,O00234,2156.96,crypto,2025-01-23
P00362,O00079,520.45,ach,2025-04-14
P00363,O00888,224.16,check,2025-07-18
P00364,O00757,367.66,crypto,2025-08-23
P00365,O00139,1107.56,ach,2025-04-12
P00366,O00100,187.90,card,2025-10-14
P00367,O00124,4956.62,crypto,2025-08-07
P00368,O00096,1707.37,ach,2025-10-04
P00369,O00096,4028.05,crypto,2025-09-24
P00370,O00645,4691.67,ach,2025-01-16
P00371,O00706,1389.02,ach,2025-11-25
P00372,O00713,3644.68,check,2025-04-26
P00373,O00422,4437.90,card,2025-02-17
P00374,O00597,1150.50,crypto,2025-05-01
P00375,O00438,3483.41,wire,2025-08-18
P00376,O00713,825.65,card,2025-11-19
P00377,O00022,3338.16,ach,2025-03-27
P00378,O00161,1174.93,card,2025-12-06
P00379,O00201,4137.25,ach,2025-03-10
P00380,O00472,311.07,check,2025-04-20
P00381,O00138,162.30,ach,2025-06-21
P00382,O00775,4401.43,wire,2025-11-14
P00383,O00158,3441.15,ach,2025-08-13
P00384,O00008,861.02,card,2025-09-06
P00385,O00701,4215.32,check,2025-02-03
P00386,O00783,791.88,card,2025-03-14
P00387,O00112,2175.92,ach,2025-05-23
P00388,O00533,3570.04,crypto,2025-10-19
P00389,O00338,4432.51,ach,2025-10-18
P00390,O00677,2838.63,check,2025-07-06
P00391,O00626,4184.27,check,2025-05-11
P00392,O00267,3033.38,card,2025-04-13
P00393,O00303,1880.75,crypto,2025-08-03
P00394,O00896,2909.11,ach,2025-01-08
P00395,O00755,3502.85,card,2025-09-16
P00396,O00405,4547.12,crypto,2025-12-24
P00397,O00837,680.41,crypto,2025-03-18
P00398,O00897,1162.84,ach,2025-04-02
P00399,O00521,4292.22,crypto,2025-02-08
P00400,O00552,2763.63,wire,2025-09-18
P00401,O00096,1301.99,wire,2025-09-05
P00402,O00848,895.66,check,2025-08-28
P00403,O00859,1030.48,ach,2025-12-21
P00404,O00092,2592.19,crypto,2025-08-03
P00405,O00433,3605.99,crypto,2025-02-24
P00406,O00779,1612.60,ach,2025-11-09
P00407,O00868,1691.72,card,2025-01-25
P00408,O00028,3877.64,card,2025-12-01
P00409,O00086,1615.87,crypto,2025-02-03
P00410,O00705,956.16,card,2025-08-26
P00411,O00916,2697.46,wire,2025-01-26
P00412,O00646,3743.62,crypto,2025-01-24
P00413,O00154,4942.07,wire,2025-07-22
P00414,O00118,3974.47,crypto,2025-11-10
P00415,O00771,1464.23,ach,2025-02-18
P00416,O00833,743.98,crypto,2025-09-16
P00417,O00295,2458.24,card,2025-03-06
P00418,O00845,3817.33,crypto,2025-10-26
P00419,O00044,1574.00,check,2025-01-17
P00420,O00446,2339.23,card,2025-10-02
P00421,O00003,3311.88,ach,2025-07-12
P00422,O00652,1710.74,wire,2025-12-17
P00423,O00282,2652.53,check,2025-07-19
P00424,O00126,1182.83,ach,2025-05-17
P00425,O00234,4953.38,wire,2025-11-02
P00426,O00375,1554.08,ach,2025-10-13
P00427,O00748,214.16,card,2025-11-16
P00428,O00055,2036.63,ach,2025-07-20
P00429,O00877,3072.97,check,2025-10-12
P00430,O00806,4993.71,crypto,2025-11-28
P00431,O00947,2631.48,ach,2025-02-02
P00432,O00275,4010.96,card,2025-07-09
P00433,O00855,2645.24,crypto,2025-09-24
P00434,O00006,1311.73,wire,2025-11-06
P00435,O00561,4742.48,check,2025-04-17
P00436,O00199,1893.55,ach,2025-09-21
P00437,O00066,2001.55,ach,2025-03-22
P00438,O00068,711.80,check,2025-10-22
P00439,O00303,3631.32,crypto,2025-10-21
P00440,O00686,3336.56,wire,2025-07-10
P00441,O00163,108.44,check,2025-12-05
P00442,O00378,3612.64,crypto,2025-07-07
P00443,O00107,1551.38,wire,2025-02-15
P00444,O00895,208.69,check,2025-05-21
P00445,O00400,787.58,wire,2025-05-28
P00446,O00895,216.38,check,2025-04-24
P00447,O00692,1848.39,crypto,2025-11-06
P00448,O00301,962.40,card,2025-11-03
P00449,O00482,1889.47,check,2025-05-28
P00450,O00298,2567.34,crypto,2025-09-01
P00451,O00791,1133.20,card,2025-06-08
P00452,O00570,3488.54,crypto,2025-03-27
P00453,O00283,1661.10,ach,2025-08-20
P00454,O00852,3487.47,wire,2025-01-10
P00455,O00704,3197.21,wire,2025-04-07
P00456,O00939,1084.59,wire,2025-04-27
P00457,O00539,1292.30,wire,2025-12-04
P00458,O00405,3643.61,ach,2025-02-03
P00459,O00097,3557.97,check,2025-09-15
P00460,O00739,4393.59,card,2025-09-02
P00461,O00622,4878.07,ach,2025-10-03
P00462,O00647,3395.52,check,2025-04-05
P00463,O00415,3221.92,ach,2025-01-14
P00464,O00876,178.61,card,2025-02-25
P00465,O00627,3807.96,check,2025-06-13
P00466,O00098,2311.26,crypto,2025-07-25
P00467,O00566,3602.83,crypto,2025-01-01
P00468,O00934,928.22,card,2025-01-19
P00469,O00110,1676.27,check,2025-02-18
P00470,O00131,4188.80,crypto,2025-01-08
P00471,O00705,1889.57,check,2025-11-23
P00472,O00510,1323.12,wire,2025-10-04
P00473,O00984,3625.26,check,2025-01-20
P00474,O00697,1072.44,wire,2025-10-26
P00475,O00355,673.96,card,2025-02-10
P00476,O00619,359.21,card,2025-09-21
P00477,O00791,2877.27,card,2025-09-10
P00478,O00232,1160.59,crypto,2025-08-11
P00479,O00859,136.75,ach,2025-07-07
P00480,O00175,4075.66,ach,2025-04-20
P00481,O00617,2531.73,card,2025-04-15
P00482,O00282,1679.28,check,2025-02-03
P00483,O00262,4669.22,wire,2025-03-17
P00484,O00549,2039.20,card,2025-06-21
P00485,O00022,3891.20,wire,2025-04-16
P00486,O00959,1980.51,check,2025-12-02
P00487,O00532,3469.96,card,2025-12-05
P00488,O00437,3902.63,card,2025-01-07
P00489,O00896,4951.34,crypto,2025-04-12
P00490,O00400,1992.16,crypto,2025-02-27
P00491,O00893,3814.87,check,2025-03-22
P00492,O00467,368.03,ach,2025-02-06
P00493,O00787,1096.93,wire,2025-06-02
P00494,O00838,2151.82,crypto,2025-03-14
P00495,O00586,548.32,check,2025-07-25
P00496,O00575,3222.53,ach,2025-10-07
P00497,O00538,4157.80,wire,2025-12-02
P00498,O00119,1214.29,crypto,2025-01-26
P00499,O00541,4925.81,ach,2025-06-10
P00500,O00244,2387.05,crypto,2025-12-17
P00501,O00140,2040.25,ach,2025-04-21
P00502,O00384,3074.47,card,2025-01-04
P00503,O00684,1855.96,card,2025-10-27
P00504,O00049,2539.46,crypto,2025-10-23
P00505,O00067,4017.42,wire,2025-10-06
P00506,O00958,83.79,check,2025-05-19
P00507,O00827,832.18,crypto,2025-12-19
P00508,O00639,4713.24,check,2025-10-19
P00509,O00828,1882.46,wire,2025-09-21
P00510,O00620,3798.68,check,2025-02-17
P00511,O00303,730.18,wire,2025-10-13
P00512,O00653,4759.92,ach,2025-03-11
P00513,O00579,519.21,card,2025-09-10
P00514,O00584,3095.82,ach,2025-03-07
P00515,O00111,928.85,ach,2025-05-25
P00516,O00145,3882.46,check,2025-07-19
P00517,O00574,4803.34,card,2025-07-20
P00518,O00717,119.69,crypto,2025-08-05
P00519,O00408,3203.00,check,2025-07-01
P00520,O00658,2212.74,ach,2025-05-18
P00521,O00966,4973.49,ach,2025-09-20
P00522,O00226,1632.26,crypto,2025-06-21
P00523,O00250,4493.12,crypto,2025-03-22
P00524,O00919,2807.96,card,2025-05-27
P00525,O00004,4486.77,check,2025-11-04
P00526,O00146,4511.73,crypto,2025-10-14
P00527,O00350,154.55,ach,2025-07-19
P00528,O00782,1796.82,ach,2025-07-22
P00529,O00273,472.02,crypto,2025-07-19
P00530,O00388,1726.86,card,2025-04-01
P00531,O00576,2412.24,check,2025-02-22
P00532,O00851,3429.93,ach,2025-04-26
P00533,O00542,1571.90,wire,2025-02-09
P00534,O00864,964.24,wire,2025-07-18
P00535,O00153,1206.80,wire,2025-09-09
P00536,O00642,4495.47,card,2025-03-16
P00537,O00771,1122.55,card,2025-11-28
P00538,O00527,2174.07,check,2025-07-03
P00539,O00057,588.34,check,2025-09-07
P00540,O00077,410.66,ach,2025-10-11
P00541,O00844,4847.62,card,2025-01-03
P00542,O00385,2641.42,crypto,2025-11-09
P00543,O00083,1468.71,crypto,2025-02-28
P00544,O00756,1610.36,check,2025-07-25
P00545,O00182,4315.18,crypto,2025-04-28
P00546,O00597,4747.37,check,2025-11-05
P00547,O00052,3651.23,ach,2025-11-09
P00548,O00277,89.01,check,2025-08-15
P00549,O00614,1411.10,ach,2025-01-23
P00550,O00966,2247.88,ach,2025-12-13
P00551,O00782,4315.77,ach,2025-10-05
P00552,O00353,102.22,card,2025-12-28
P00553,O00504,3626.32,check,2025-07-02
P00554,O00165,2829.28,crypto,2025-02-25
P00555,O00797,1321.41,check,2025-09-22
P00556,O00547,1317.68,ach,2025-04-07
P00557,O00465,1164.40,ach,2025-06-12
P00558,O00733,4653.40,ach,2025-06-13
P00559,O00112,2338.63,card,2025-08-01
P00560,O00210,4248.48,ach,2025-11-04
P00561,O00081,3016.62,card,2025-07-04
P00562,O00225,3752.94,ach,2025-09-22
P00563,O00326,666.12,check,2025-09-19
P00564,O01000,1728.10,card,2025-04-07
P00565,O00459,376.31,crypto,2025-05-10
P00566,O00271,2964.81,ach,2025-10-11
P00567,O00049,708.55,check,2025-05-17
P00568,O00045,4865.53,card,2025-07-09
P00569,O00292,4974.67,ach,2025-08-07
P00570,O00699,1254.38,card,2025-07-16
P00571,O00548,545.87,ach,2025-08-24
P00572,O00810,2500.79,crypto,2025-03-06
P00573,O00077,75.00,ach,2025-11-03
P00574,O00900,2460.42,crypto,2025-09-27
P00575,O00187,516.18,ach,2025-05-17
P00576,O00953,4868.52,ach,2025-10-18
P00577,O00349,3674.07,check,2025-12-22
P00578,O00622,2192.47,check,2025-04-28
P00579,O00843,2699.10,card,2025-09-06
P00580,O00557,3409.25,wire,2025-07-01
P00581,O00347,1148.40,check,2025-12-01
P00582,O00505,3929.11,crypto,2025-09-24
P00583,O00652,2146.30,card,2025-08-16
P00584,O00717,310.14,check,2025-04-13
P00585,O00531,3900.53,ach,2025-01-12
P00586,O00783,16.25,crypto,2025-03-03
P00587,O00675,4204.20,ach,2025-04-21
P00588,O00358,1642.81,ach,2025-02-13
P00589,O00696,4367.89,wire,2025-01-25
P00590,O00344,2697.68,check,2025-02-22
P00591,O00272,2027.65,ach,2025-12-03
P00592,O00536,3258.25,ach,2025-02-19
P00593,O00143,1640.33,check,2025-08-25
P00594,O00609,4774.68,crypto,2025-10-18
P00595,O00792,3410.90,ach,2025-07-20
P00596,O00624,2711.58,crypto,2025-01-06
P00597,O00130,4461.42,card,2025-06-26
P00598,O00035,4757.24,ach,2025-11-27
P00599,O00556,2168.59,crypto,2025-12-23
P00600,O00257,2539.27,wire,2025-11-05
P00601,O00306,4413.04,wire,2025-12-20
P00602,O00525,2769.94,card,2025-11-03
P00603,O00291,1737.16,crypto,2025-09-15
P00604,O00986,4052.25,card,2025-12-21
P00605,O00452,462.87,ach,2025-04-18
P00606,O00412,2240.66,check,2025-04-18
P00607,O00788,4860.69,ach,2025-01-20
P00608,O00463,1378.13,card,2025-10-03
P00609,O00737,3140.96,check,2025-08-20
P00610,O00545,2464.89,crypto,2025-03-28
P00611,O00639,2875.09,check,2025-09-16
P00612,O00736,4228.33,ach,2025-06-17
P00613,O00591,984.79,card,2025-11-18
P00614,O00326,3409.41,card,2025-07-21
P00615,O00191,3413.28,ach,2025-06-02
P00616,O00713,1350.29,card,2025-11-28
P00617,O00370,3779.06,check,2025-07-24
P00618,O00635,1662.73,check,2025-10-02
P00619,O00032,3366.69,ach,2025-05-18
P00620,O00181,3893.00,wire,2025-06-09
P00621,O00258,916.87,crypto,2025-07-15
P00622,O00608,1973.36,ach,2025-06-27
P00623,O00835,3058.88,ach,2025-11-08
P00624,O00650,4758.44,crypto,2025-12-19
P00625,O00868,1349.92,check,2025-04-28
P00626,O00964,976.87,crypto,2025-02-11
P00627,O00415,826.29,card,2025-11-22
P00628,O00938,1642.76,crypto,2025-06-24
P00629,O00955,2419.10,wire,2025-07-06
P00630,O00992,2879.34,check,2025-10-08
P00631,O00890,3474.52,wire,2025-09-20
P00632,O00801,3433.76,card,2025-04-28
P00633,O00963,2524.88,crypto,2025-12-13
P00634,O00379,1832.19,check,2025-09-09
P00635,O00980,1934.46,crypto,2025-06-01
P00636,O00625,1605.60,check,2025-11-10
P00637,O00845,1312.23,card,2025-04-10
P00638,O00644,3117.79,crypto,2025-10-03
P00639,O00949,4162.82,check,2025-10-16
P00640,O00169,239.21,crypto,2025-12-11
P00641,O00596,1183.91,card,2025-02-27
P00642,O00373,1054.88,wire,2025-02-11
P00643,O00301,2271.12,wire,2025-06-07
P00644,O00110,1086.90,ach,2025-06-20
P00645,O00908,1076.27,check,2025-08-24
P00646,O00867,4753.36,card,2025-04-26
P00647,O00437,2239.40,wire,2025-01-01
P00648,O00983,3105.75,ach,2025-12-28
P00649,O00659,4012.90,wire,2025-02-02
P00650,O00795,1772.53,check,2025-07-20
P00651,O00542,4740.14,card,2025-12-19
P00652,O00537,2367.07,card,2025-10-24
P00653,O00855,662.51,check,2025-01-09
P00654,O00370,653.23,crypto,2025-09-18
P00655,O00878,3836.09,check,2025-03-05
P00656,O00958,1657.81,check,2025-07-02
P00657,O00979,1625.65,crypto,2025-09-14
P00658,O00812,3772.68,crypto,2025-08-09
P00659,O00306,4313.65,ach,2025-08-23
P00660,O00346,2553.49,wire,2025-09-21
P00661,O00348,3665.77,check,2025-06-26
P00662,O00888,1590.05,crypto,2025-05-06
P00663,O00515,648.84,crypto,2025-02-03
P00664,O00832,3467.44,wire,2025-01-05
P00665,O00955,4255.81,card,2025-01-05
P00666,O00821,1537.67,ach,2025-10-21
P00667,O00900,1164.29,ach,2025-03-21
P00668,O00899,4129.96,card,2025-06-28
P00669,O00325,350.87,card,2025-06-11
P00670,O00493,173.78,ach,2025-11-21
P00671,O00436,2779.95,ach,2025-11-04
P00672,O00291,1519.80,crypto,2025-09-20
P00673,O00393,1932.20,crypto,2025-12-16
P00674,O00148,2500.42,ach,2025-07-15
P00675,O00921,3188.42,check,2025-12-10
P00676,O00659,2069.33,card,2025-03-12
P00677,O00867,2578.99,ach,2025-06-10
P00678,O00215,4748.77,card,2025-09-07
P00679,O00825,4068.77,crypto,2025-02-24
P00680,O00137,956.17,card,2025-03-07
P00681,O00622,720.35,card,2025-11-10
P00682,O00640,467.56,check,2025-12-01
P00683,O00907,453.81,ach,2025-07-09
P00684,O00502,804.95,crypto,2025-08-12
P00685,O00025,2664.90,check,2025-07-17
P00686,O00724,440.02,check,2025-03-26
P00687,O00186,4499.76,check,2025-08-11
P00688,O00267,3735.40,wire,2025-09-21
P00689,O00273,2421.75,check,2025-03-28
P00690,O00585,4710.98,wire,2025-03-20
P00691,O00093,2557.09,check,2025-07-22
P00692,O00568,1209.24,card,2025-07-02
P00693,O00563,4345.81,check,2025-02-21
P00694,O00481,881.87,check,2025-11-07
P00695,O00204,2217.28,ach,2025-10-21
P00696,O00597,4833.27,card,2025-06-06
P00697,O00177,780.18,crypto,2025-10-07
P00698,O00759,2062.64,ach,2025-02-24
P00699,O00438,3998.02,crypto,2025-02-21
P00700,O00311,1185.18,crypto,2025-03-08
P00701,O00919,836.99,wire,2025-12-08
P00702,O00809,2890.14,crypto,2025-04-11
P00703,O00570,4698.78,wire,2025-07-04
P00704,O00501,3625.31,check,2025-12-24
P00705,O00904,2468.04,ach,2025-07-10
P00706,O00254,4709.78,crypto,2025-06-09
P00707,O00887,1273.21,check,2025-10-23
P00708,O00743,586.81,check,2025-10-27
P00709,O00869,4303.77,check,2025-01-06
P00710,O00585,875.78,card,2025-03-02
P00711,O00340,1236.21,crypto,2025-08-25
P00712,O00540,4553.76,card,2025-04-16
P00713,O00725,4477.44,wire,2025-03-19
P00714,O00975,2793.77,crypto,2025-04-05
P00715,O00153,145.25,card,2025-03-26
P00716,O00374,1988.67,card,2025-09-07
P00717,O00178,193.10,card,2025-05-25
P00718,O00568,2447.28,check,2025-09-17
P00719,O00519,4318.80,check,2025-06-22
P00720,O00216,3468.13,wire,2025-11-17
P00721,O00366,927.36,crypto,2025-07-02
P00722,O00818,4190.08,card,2025-04-01
P00723,O00285,4890.06,ach,2025-07-21
P00724,O00084,4074.29,crypto,2025-06-04
P00725,O00472,336.71,ach,2025-04-28
P00726,O00746,2854.73,card,2025-01-25
P00727,O00153,3216.34,ach,2025-12-19
P00728,O00768,1744.50,card,2025-02-10
P00729,O00204,2392.45,crypto,2025-04-02
P00730,O00627,4117.13,card,2025-10-14
P00731,O00482,417.83,crypto,2025-08-03
P00732,O00624,4837.24,ach,2025-07-02
P00733,O00649,758.90,ach,2025-02-07
P00734,O00162,594.81,check,2025-07-15
P00735,O00771,3302.61,card,2025-02-20
P00736,O00790,3731.38,card,2025-02-04
P00737,O00392,2016.47,ach,2025-03-02
P00738,O00124,3089.45,card,2025-08-05
P00739,O00741,1717.98,crypto,2025-08-08
P00740,O00203,4627.79,ach,2025-01-10
P00741,O00586,966.26,check,2025-06-07
P00742,O00550,71.98,ach,2025-08-21
P00743,O00898,3327.39,wire,2025-09-04
P00744,O00154,3822.98,wire,2025-03-04
P00745,O00093,1425.83,crypto,2025-11-13
P00746,O00641,2626.46,wire,2025-01-19
P00747,O00681,1636.56,ach,2025-03-20
P00748,O00294,1881.01,card,2025-10-07
P00749,O00718,4235.13,wire,2025-12-13
P00750,O00860,3955.92,card,2025-04-23
P00751,O00683,2846.51,wire,2025-03-25
P00752,O00712,2919.38,card,2025-02-08
P00753,O00993,2271.40,ach,2025-05-07
P00754,O00435,4676.17,crypto,2025-06-18
P00755,O00376,1939.91,ach,2025-04-28
P00756,O00028,1300.49,card,2025-12-25
P00757,O00160,133.10,check,2025-01-14
P00758,O00127,1812.30,ach,2025-08-08
P00759,O00571,2476.81,card,2025-03-20
P00760,O00635,312.29,card,2025-07-14
P00761,O00883,2956.11,check,2025-04-05
P00762,O00130,4300.75,crypto,2025-11-04
P00763,O00351,1600.58,ach,2025-11-21
P00764,O00658,42.85,wire,2025-01-08
P00765,O00061,627.85,crypto,2025-06-13
P00766,O00980,2484.45,check,2025-06-14
P00767,O00915,3935.26,crypto,2025-02-12
P00768,O00454,2952.66,wire,2025-06-10
P00769,O00436,4218.31,ach,2025-05-16
P00770,O00862,536.59,wire,2025-08-14
P00771,O00003,557.25,crypto,2025-01-25
P00772,O00122,3987.31,crypto,2025-02-02
P00773,O00213,138.09,check,2025-09-08
P00774,O00103,2249.38,wire,2025-02-16
P00775,O00166,2121.91,card,2025-09-01
P00776,O00530,491.65,wire,2025-08-04
P00777,O00152,2965.77,card,2025-06-23
P00778,O00063,2319.96,ach,2025-09-02
P00779,O00419,2267.55,ach,2025-01-15
P00780,O00730,1149.80,card,2025-01-27
P00781,O00892,1442.19,crypto,2025-05-16
P00782,O00308,1001.48,check,2025-03-04
P00783,O00721,986.79,card,2025-10-14
P00784,O00187,1747.92,crypto,2025-11-12
P00785,O00458,2132.41,check,2025-10-09
P00786,O00509,153.27,card,2025-09-01
P00787,O00342,998.83,ach,2025-10-13
P00788,O00161,4113.81,check,2025-05-27
P00789,O00448,4448.73,check,2025-03-03
P00790,O00362,2927.81,crypto,2025-04-27
P00791,O00142,3498.89,check,2025-01-02
P00792,O00059,4899.21,check,2025-07-14
P00793,O00103,1556.45,wire,2025-11-19
P00794,O00026,3776.70,card,2025-01-15
P00795,O00603,2430.84,check,2025-02-09
P00796,O00039,103.14,wire,2025-10-08
P00797,O00557,3842.52,crypto,2025-02-27
P00798,O00733,2816.79,wire,2025-10-01
P00799,O00323,1250.21,card,2025-06-26
P00800,O00177,216.27,crypto,2025-10-17
P00801,O00039,4040.12,wire,2025-11-27
P00802,O00613,4109.45,check,2025-10-17
P00803,O00505,3196.21,card,2025-04-15
P00804,O00605,2197.89,card,2025-07-13
P00805,O00618,2784.93,wire,2025-02-14
P00806,O00930,1913.11,card,2025-03-07
P00807,O00497,1436.84,card,2025-08-16
P00808,O00585,1334.54,ach,2025-03-25
P00809,O00331,2187.28,ach,2025-12-23
P00810,O00991,2579.36,crypto,2025-10-10
P00811,O00597,2844.47,card,2025-10-15
P00812,O00827,78.23,wire,2025-03-14
P00813,O00869,4940.29,ach,2025-01-07
P00814,O00479,259.65,check,2025-09-28
P00815,O00176,532.93,check,2025-01-27
P00816,O00163,3305.48,card,2025-11-26
P00817,O00677,3140.71,card,2025-09-26
P00818,O00086,1179.88,crypto,2025-10-17
P00819,O00610,2524.76,crypto,2025-08-05
P00820,O00919,564.22,check,2025-01-24
P00821,O00857,2689.82,crypto,2025-05-22
P00822,O00521,157.53,card,2025-09-13
P00823,O00916,1303.88,crypto,2025-03-06
P00824,O00777,605.61,wire,2025-09-17
P00825,O00756,4635.88,crypto,2025-08-17
P00826,O00383,2191.15,card,2025-09-06
P00827,O00064,4060.29,wire,2025-09-02
P00828,O00429,2374.17,check,2025-11-03
P00829,O00849,4213.75,ach,2025-07-19
P00830,O00088,1501.28,check,2025-02-25
P00831,O00664,3341.58,ach,2025-09-16
P00832,O00691,4086.63,wire,2025-03-20
P00833,O00687,2120.26,crypto,2025-03-15
P00834,O00744,3762.02,crypto,2025-11-28
P00835,O00489,3324.59,card,2025-05-02
P00836,O00603,1776.43,card,2025-05-26
P00837,O00091,3951.63,check,2025-02-12
P00838,O00438,224.89,crypto,2025-11-08
P00839,O00182,2440.10,crypto,2025-09-08
P00840,O00342,3615.71,wire,2025-02-25
P00841,O00954,2303.90,check,2025-03-10
P00842,O00656,230.61,crypto,2025-07-23
P00843,O00656,1418.78,crypto,2025-07-13
P00844,O00560,1247.03,wire,2025-10-14
P00845,O00027,1331.90,crypto,2025-05-05
P00846,O00067,2222.51,ach,2025-09-11
P00847,O00105,1932.75,ach,2025-06-19
P00848,O00779,1219.57,check,2025-05-18
P00849,O00560,629.66,crypto,2025-10-26
P00850,O00798,1113.90,crypto,2025-07-18
P00851,O00714,2511.53,crypto,2025-01-14
P00852,O00141,4925.14,check,2025-08-05
P00853,O00771,2638.41,crypto,2025-10-03
P00854,O00436,115.16,card,2025-02-10
P00855,O00076,1076.19,card,2025-10-25
P00856,O00743,1245.18,crypto,2025-11-27
P00857,O00168,4992.90,ach,2025-12-14
P00858,O00111,1167.08,check,2025-12-14
P00859,O00916,7.12,ach,2025-04-02
P00860,O00941,1276.29,crypto,2025-09-04
P00861,O00411,1665.59,card,2025-03-12
P00862,O00929,4780.96,wire,2025-08-05
P00863,O00269,627.22,card,2025-07-11
P00864,O00666,162.67,ach,2025-12-10
P00865,O00281,146.13,crypto,2025-07-13
P00866,O00866,320.58,check,2025-12-03
P00867,O00791,2581.36,wire,2025-10-18
P00868,O00587,3766.28,card,2025-09-18
P00869,O00980,4538.23,card,2025-07-15
P00870,O00854,2758.01,card,2025-05-03
P00871,O00454,1358.00,crypto,2025-02-26
P00872,O00232,4199.47,crypto,2025-03-13
P00873,O00642,1885.78,wire,2025-09-14
P00874,O00632,3317.52,crypto,2025-04-23
P00875,O00999,2910.94,crypto,2025-09-15
P00876,O00320,4651.90,check,2025-10-10
P00877,O00706,4463.15,card,2025-06-11
P00878,O00603,1309.79,wire,2025-11-02
P00879,O00114,624.96,ach,2025-12-20
P00880,O00696,907.00,check,2025-06-08
P00881,O00714,4644.10,card,2025-06-04
P00882,O00073,2375.03,check,2025-11-24
P00883,O00064,1139.21,crypto,2025-09-25
P00884,O00790,2778.42,check,2025-04-14
P00885,O00322,1246.52,ach,2025-02-17
P00886,O00594,1303.23,wire,2025-10-02
P00887,O00389,2430.11,card,2025-01-20
P00888,O00672,3258.38,wire,2025-03-10
P00889,O00544,4856.52,wire,2025-03-02
P00890,O00301,4602.94,check,2025-11-28
P00891,O00281,3928.66,crypto,2025-10-14
P00892,O00442,2490.03,card,2025-06-26
P00893,O00447,1314.34,card,2025-05-11
P00894,O00434,4326.57,check,2025-08-11
P00895,O00551,4462.86,crypto,2025-08-26
P00896,O00976,1546.06,wire,2025-04-07
P00897,O00801,2534.58,crypto,2025-01-14
P00898,O00134,1216.37,wire,2025-05-26
P00899,O00415,4380.05,ach,2025-11-06
P00900,O00789,2096.58,wire,2025-01-04
P00901,O00407,3164.96,crypto,2025-10-12
P00902,O00235,4627.13,card,2025-12-22
P00903,O00436,805.52,ach,2025-02-06
P00904,O00156,1474.09,check,2025-07-16
P00905,O00711,3284.94,wire,2025-07-05
P00906,O00783,1583.45,card,2025-07-01
P00907,O00107,399.93,wire,2025-12-04
P00908,O00095,1865.68,crypto,2025-05-18
P00909,O00817,2587.76,check,2025-01-01
P00910,O00779,4522.66,crypto,2025-01-04
P00911,O00486,2946.11,check,2025-08-23
P00912,O00507,4958.23,ach,2025-04-28
P00913,O00082,868.58,crypto,2025-06-15
P00914,O00954,3929.04,card,2025-05-15
P00915,O00139,4971.11,check,2025-05-28
P00916,O00169,3194.78,check,2025-02-05
P00917,O00748,558.98,ach,2025-01-07
P00918,O00542,1259.89,check,2025-06-08
P00919,O00441,1731.87,crypto,2025-12-13
P00920,O00888,3764.03,card,2025-08-18
P00921,O00359,4868.65,ach,2025-06-09
P00922,O00971,2572.71,wire,2025-03-04
P00923,O00688,2789.67,ach,2025-09-11
P00924,O00900,1269.82,wire,2025-01-02
P00925,O00693,4723.14,wire,2025-05-21
P00926,O00377,1429.61,check,2025-06-24
P00927,O00150,4350.00,card,2025-02-05
P00928,O00968,971.78,check,2025-05-25
P00929,O00551,3075.81,check,2025-11-20
P00930,O00752,4078.92,card,2025-08-15
P00931,O00923,3868.90,ach,2025-04-22
P00932,O00301,3227.10,ach,2025-08-06
P00933,O00032,962.18,crypto,2025-09-13
P00934,O00702,852.73,card,2025-08-12
P00935,O00732,68.01,crypto,2025-01-26
P00936,O00868,341.02,check,2025-04-27
P00937,O00043,1278.37,ach,2025-01-13
P00938,O00624,4971.68,ach,2025-06-24
P00939,O00559,2517.69,ach,2025-05-20
P00940,O00916,1151.04,ach,2025-05-01
P00941,O00037,4289.90,card,2025-09-03
P00942,O00733,4363.57,check,2025-08-17
P00943,O00294,2573.37,card,2025-07-12
P00944,O00177,1397.88,wire,2025-11-12
P00945,O00268,1313.13,card,2025-09-07
P00946,O00840,2677.73,wire,2025-12-03
P00947,O00487,3015.82,ach,2025-08-23
P00948,O00804,2764.59,card,2025-11-22
P00949,O00667,3779.48,wire,2025-04-21
P00950,O00611,621.05,crypto,2025-08-17
P00951,O00525,3307.05,crypto,2025-12-13
P00952,O00824,3112.38,crypto,2025-07-19
P00953,O00541,2574.89,ach,2025-12-20
P00954,O00063,1533.84,wire,2025-08-19
P00955,O00720,668.56,check,2025-02-09
P00956,O00860,2249.82,ach,2025-05-13
P00957,O00239,186.96,card,2025-12-20
P00958,O00554,3739.76,check,2025-12-09
P00959,O00180,1342.66,ach,2025-09-21
P00960,O00232,2964.00,ach,2025-09-08
P00961,O00244,2842.23,card,2025-03-04
P00962,O00662,3299.36,check,2025-01-13
P00963,O00943,4085.47,crypto,2025-04-06
P00964,O00530,4335.34,card,2025-12-19
P00965,O00571,4620.99,ach,2025-03-04
P00966,O00046,4081.99,card,2025-03-08
P00967,O00180,4445.37,card,2025-02-23
P00968,O00535,1932.77,check,2025-07-04
P00969,O00047,4550.65,crypto,2025-11-20
P00970,O00688,4339.84,check,2025-12-13
P00971,O00125,60.96,card,2025-05-07
P00972,O00382,1921.66,card,2025-05-02
P00973,O00940,3623.91,crypto,2025-05-11
P00974,O00666,1223.62,card,2025-10-17
P00975,O00774,241.59,check,2025-05-14
P00976,O00802,3756.62,crypto,2025-11-05
P00977,O00200,1577.73,check,2025-10-11
P00978,O00853,3383.02,card,2025-01-01
P00979,O00204,3668.01,card,2025-08-27
P00980,O00770,2024.37,ach,2025-01-12
P00981,O00837,4078.82,wire,2025-12-19
P00982,O00389,2190.49,card,2025-06-01
P00983,O00925,3446.71,check,2025-07-22
P00984,O00400,2113.30,card,2025-02-01
P00985,O00927,3238.29,wire,2025-05-28
P00986,O00089,3546.25,ach,2025-05-01
P00987,O00828,2237.87,wire,2025-02-13
P00988,O00629,4090.63,crypto,2025-05-25
P00989,O00634,2349.82,crypto,2025-10-01
P00990,O00377,3866.16,ach,2025-07-14
P00991,O00562,1015.50,crypto,2025-03-13
P00992,O00548,3629.45,crypto,2025-10-13
P00993,O00164,1945.13,check,2025-01-17
P00994,O00240,2701.98,crypto,2025-09-17
P00995,O00920,3178.22,card,2025-08-17
P00996,O00699,3303.76,check,2025-10-03
P00997,O00373,158.02,crypto,2025-07-06
P00998,O00372,2270.40,card,2025-10-15
P00999,O00919,1888.39,crypto,2025-04-05
P01000,O00023,4716.62,ach,2025-07-23
